2026-08-23 20:05:56;;32.3;8.0;3.5;88.0;94.0;32221302784;2062155776;561172480;4838215680;0.0;106491904;239033843712
2026-08-23 20:06:00;;23.2;7.9;12.3;76.2;93.8;32160006144;2123452416;561172480;4838215680;0.0;106491904;239033843712
2026-08-23 20:06:03;;11.4;11.3;9.6;77.8;93.8;32158261248;2125197312;561172480;4838215680;0.0;106491904;239033843712
2026-08-23 20:06:06;;22.3;21.0;13.3;63.4;93.8;32173174784;2110283776;561172480;4838215680;0.0;106491904;239033843712
2026-08-23 20:06:27;;36.6;13.4;15.9;66.3;94.0;32235945984;2047512576;613822464;4785565696;0.0;106491904;239033843712
2026-08-23 20:06:29;;21.0;6.3;5.8;86.8;94.0;32239087616;2044370944;613818368;4785569792;0.0;106491904;239033843712
2026-08-23 20:06:31;;21.5;4.5;3.8;91.2;94.0;32239370240;2044088320;613818368;4785569792;0.0;106491904;239033843712
2026-08-23 20:06:34;;15.4;16.5;15.1;66.8;93.9;32175378432;2108080128;613818368;4785569792;0.0;106496000;239033839616
2026-08-23 20:06:36;;37.6;18.6;16.0;62.6;93.9;32191127552;2092331008;613818368;4785569792;0.0;106496000;239033839616
2026-08-23 20:06:38;;22.8;8.2;7.2;83.4;93.9;32193945600;2089512960;613818368;4785569792;0.0;106496000;239033839616
2026-08-23 20:06:40;;37.3;7.7;4.3;87.8;94.0;32227360768;2056097792;613699584;4785688576;0.0;106496000;239033839616
2026-08-23 20:06:42;;20.2;13.4;4.5;80.9;94.0;32217055232;2066403328;613699584;4785688576;0.0;106496000;239033839616
2026-08-23 20:06:44;;18.1;5.2;7.9;86.4;93.9;32204263424;2079195136;613699584;4785688576;0.0;106496000;239033839616
2026-08-23 20:06:46;;13.3;12.4;8.6;78.0;93.8;32148877312;2134581248;613699584;4785688576;0.0;106496000;239033839616
2026-08-23 20:06:48;;13.1;6.9;4.9;87.8;93.8;32146722816;2136735744;613699584;4785688576;0.0;106496000;239033839616
2026-08-23 20:06:50;;13.5;8.8;6.2;84.2;93.8;32142684160;2140774400;613699584;4785688576;0.0;106496000;239033839616
2026-08-23 20:06:52;;17.7;8.0;6.8;84.4;93.7;32126951424;2156507136;613699584;4785688576;0.0;106496000;239033839616
2026-08-23 20:06:54;;22.3;9.8;6.2;82.7;93.7;32134189056;2149269504;613699584;4785688576;0.0;106496000;239033839616
2026-08-23 20:06:56;;22.0;8.9;9.0;78.4;93.7;32134094848;2149363712;613699584;4785688576;0.0;106496000;239033839616
2026-08-23 20:06:58;;13.3;6.6;3.9;89.1;93.7;32131354624;2152103936;613699584;4785688576;0.0;106496000;239033839616
2026-08-23 20:07:00;;12.9;4.4;3.1;91.8;93.7;32129933312;2153525248;613699584;4785688576;0.0;106496000;239033839616
2026-08-23 20:07:02;;11.9;7.1;3.5;89.1;93.7;32123371520;2160087040;613699584;4785688576;0.0;106496000;239033839616
2026-08-23 20:07:04;;10.8;7.9;3.6;87.8;93.7;32119656448;2163802112;613699584;4785688576;0.0;106496000;239033839616
2026-08-23 20:07:06;;9.7;11.4;6.7;80.5;93.7;32134995968;2148462592;613695488;4785692672;0.0;106496000;239033839616
2026-08-23 20:07:08;;20.1;13.4;2.1;84.1;93.6;32106356736;2177101824;613695488;4785692672;0.0;106496000;239033839616
2026-08-23 20:07:10;;16.1;9.1;7.2;82.0;93.6;32089223168;2194235392;613691392;4785696768;0.0;106496000;239033839616
2026-08-23 20:07:12;;10.5;8.0;3.9;87.3;93.6;32081489920;2201968640;613691392;4785696768;0.0;106496000;239033839616
2026-08-23 20:07:14;;17.4;8.8;6.6;83.7;93.7;32134656000;2148802560;613683200;4785704960;0.0;106496000;239033839616
2026-08-23 20:07:16;;15.0;8.3;8.3;82.5;93.7;32138825728;2144632832;613679104;4785709056;0.0;106496000;239033839616
2026-08-23 20:07:18;;19.1;8.2;2.5;89.0;93.7;32132362240;2151096320;613675008;4785713152;0.0;106496000;239033839616
2026-08-23 20:07:20;;13.1;9.2;4.7;85.4;93.7;32131588096;2151870464;613642240;4785745920;0.0;106496000;239033839616
2026-08-23 20:07:22;;23.0;7.3;5.1;87.2;93.7;32130916352;2152542208;613642240;4785745920;0.0;106496000;239033839616
2026-08-23 20:07:24;;21.6;9.6;8.3;79.9;93.5;32066060288;2217398272;613470208;4785917952;0.0;106496000;239033839616
2026-08-23 20:07:26;;17.0;8.0;5.5;85.3;93.5;32070590464;2212868096;613457920;4785930240;0.0;106496000;239033839616
2026-08-23 20:07:28;;14.2;5.7;4.9;88.6;93.6;32074485760;2208972800;613449728;4785938432;0.0;106496000;239033839616
2026-08-23 20:07:30;;9.0;5.2;2.6;91.7;93.5;32060530688;2222927872;613449728;4785938432;0.0;106496000;239033839616
2026-08-23 20:07:32;;13.9;11.7;12.6;75.3;93.5;32060600320;2222858240;613449728;4785938432;0.0;106500096;239033835520
2026-08-23 20:07:34;;15.4;8.9;3.5;86.8;93.5;32055738368;2227720192;613445632;4785942528;0.0;106500096;239033835520
2026-08-23 20:07:36;;15.5;7.9;5.8;85.4;93.5;32052961280;2230497280;613445632;4785942528;0.0;106500096;239033835520
2026-08-23 20:07:38;;10.1;10.8;5.6;82.1;93.5;32053248000;2230210560;613408768;4785979392;0.0;106500096;239033835520
2026-08-23 20:07:40;;11.4;6.0;2.5;91.1;93.5;32045285376;2238173184;613408768;4785979392;0.0;106500096;239033835520
2026-08-23 20:07:42;;18.4;8.5;3.4;87.3;93.5;32048939008;2234519552;613408768;4785979392;0.0;106500096;239033835520
2026-08-23 20:07:44;;21.2;9.4;8.9;81.5;93.3;31992311808;2291146752;613408768;4785979392;0.0;106500096;239033835520
2026-08-23 20:07:46;;10.8;8.7;6.0;84.5;93.3;31997931520;2285527040;613404672;4785983488;0.0;106500096;239033835520
2026-08-23 20:07:48;;17.1;8.9;5.8;84.8;93.3;31973883904;2309574656;613404672;4785983488;0.0;106500096;239033835520
2026-08-23 20:07:50;;23.2;9.6;4.7;85.3;93.3;31986069504;2297389056;613404672;4785983488;0.0;106500096;239033835520
2026-08-23 20:07:52;;20.2;8.6;10.6;77.7;93.3;31984267264;2299191296;613400576;4785987584;0.0;106500096;239033835520
2026-08-23 20:07:54;;15.8;4.6;2.9;90.9;93.3;31983869952;2299588608;613400576;4785987584;0.0;106500096;239033835520
2026-08-23 20:07:56;;15.9;7.5;3.0;88.8;93.3;31974395904;2309062656;613400576;4785987584;0.0;106500096;239033835520
2026-08-23 20:07:58;;12.0;5.9;6.1;86.9;93.3;31984537600;2298920960;613400576;4785987584;0.0;106500096;239033835520
2026-08-23 20:08:00;;13.5;9.5;3.8;86.3;93.3;31980818432;2302640128;613400576;4785987584;0.0;106500096;239033835520
2026-08-23 20:08:02;;17.7;5.4;2.6;91.5;93.3;31981977600;2301480960;613400576;4785987584;0.0;106500096;239033835520
2026-08-23 20:08:04;;11.2;5.8;3.2;90.2;93.3;31978983424;2304475136;613220352;4786167808;0.0;106500096;239033835520
2026-08-23 20:08:06;;15.2;7.1;6.1;86.4;93.3;31975841792;2307616768;613220352;4786167808;0.0;106500096;239033835520
2026-08-23 20:08:08;;14.5;11.9;7.3;79.4;93.3;31977631744;2305826816;613220352;4786167808;0.0;106500096;239033835520
2026-08-23 20:08:10;;13.3;6.9;2.6;90.4;93.3;31980957696;2302500864;613220352;4786167808;0.0;106500096;239033835520
2026-08-23 20:08:12;;23.6;8.9;3.6;86.9;93.3;31978627072;2304831488;613220352;4786167808;0.0;106500096;239033835520
2026-08-23 20:08:14;;19.7;15.0;4.1;80.0;93.3;31975448576;2308009984;613220352;4786167808;0.0;106500096;239033835520
2026-08-23 20:08:16;;20.6;7.2;4.9;86.9;93.3;31976108032;2307350528;613220352;4786167808;0.0;106500096;239033835520
2026-08-23 20:08:18;;16.9;9.4;4.4;85.7;93.3;31971966976;2311491584;613220352;4786167808;0.0;106500096;239033835520
2026-08-23 20:08:20;;21.2;9.2;9.3;79.6;93.2;31967412224;2316046336;613220352;4786167808;0.0;106500096;239033835520
2026-08-23 20:08:22;;16.7;3.4;4.8;89.7;93.2;31957934080;2325524480;613220352;4786167808;0.0;106500096;239033835520
2026-08-23 20:08:24;;9.2;5.2;3.5;90.9;93.2;31957487616;2325970944;613220352;4786167808;0.0;106500096;239033835520
2026-08-23 20:08:26;;11.9;8.8;2.6;88.1;93.2;31959908352;2323550208;613220352;4786167808;0.0;106500096;239033835520
2026-08-23 20:08:28;;13.8;4.5;5.3;89.6;93.2;31961694208;2321764352;613220352;4786167808;0.0;106500096;239033835520
2026-08-23 20:08:30;;14.9;6.3;3.5;89.9;93.2;31969132544;2314326016;613220352;4786167808;0.0;106500096;239033835520
2026-08-23 20:08:32;;13.7;9.8;2.5;87.1;93.2;31953641472;2329817088;613109760;4786278400;0.0;106500096;239033835520
2026-08-23 20:08:34;;14.9;8.3;6.6;84.4;93.3;31978426368;2305032192;613109760;4786278400;0.0;106500096;239033835520
2026-08-23 20:08:36;;23.5;7.6;5.8;85.6;93.3;31988215808;2295242752;613101568;4786286592;0.0;106500096;239033835520
2026-08-23 20:08:38;;11.1;7.6;2.7;89.1;93.3;31970074624;2313383936;613101568;4786286592;0.0;106500096;239033835520
2026-08-23 20:08:40;;22.7;13.5;5.8;79.6;93.2;31956955136;2326503424;613097472;4786290688;0.0;106500096;239033835520
2026-08-23 20:08:42;;15.1;11.8;4.5;83.1;93.2;31952998400;2330460160;613097472;4786290688;0.0;106504192;239033831424
2026-08-23 20:08:44;;15.0;9.5;2.1;88.2;93.2;31953723392;2329735168;613097472;4786290688;0.0;106504192;239033831424
2026-08-23 20:08:46;;23.7;9.7;6.3;82.3;93.2;31952863232;2330595328;613097472;4786290688;0.0;106504192;239033831424
2026-08-23 20:08:48;;17.6;11.7;7.8;78.7;93.2;31957008384;2326450176;613085184;4786302976;0.0;106504192;239033831424
2026-08-23 20:08:50;;23.8;5.6;6.4;85.3;93.2;31954264064;2329194496;613085184;4786302976;0.0;106504192;239033831424
2026-08-23 20:08:52;;9.7;10.3;5.3;83.6;93.2;31958654976;2324803584;613085184;4786302976;0.0;106504192;239033831424
2026-08-23 20:08:54;;10.4;6.3;3.5;89.2;93.2;31956078592;2327379968;613085184;4786302976;0.0;106504192;239033831424
2026-08-23 20:08:56;;16.9;9.1;11.0;79.4;93.3;31984889856;2298568704;613056512;4786331648;0.0;106504192;239033831424
2026-08-23 20:08:58;;17.3;6.6;5.0;87.6;93.3;31981735936;2301722624;613052416;4786335744;0.0;106504192;239033831424
2026-08-23 20:09:00;;12.5;7.9;3.6;88.0;93.3;31984046080;2299412480;613048320;4786339840;0.0;106504192;239033831424
2026-08-23 20:09:02;;10.2;8.1;4.5;86.3;93.2;31965192192;2318266368;613044224;4786343936;0.0;106504192;239033831424
2026-08-23 20:09:04;;9.8;8.3;4.3;86.8;93.3;31975636992;2307821568;613044224;4786343936;0.0;106504192;239033831424
2026-08-23 20:09:06;;19.6;5.9;4.3;89.0;93.3;31972777984;2310680576;613044224;4786343936;0.0;106504192;239033831424
2026-08-23 20:09:08;;17.3;8.0;6.9;83.6;93.3;31977205760;2306252800;613040128;4786348032;0.0;106504192;239033831424
2026-08-23 20:09:10;;14.4;11.2;4.9;83.5;93.3;31973507072;2309951488;613027840;4786360320;0.0;106504192;239033831424
2026-08-23 20:09:12;;20.6;8.8;5.0;85.3;93.3;31977127936;2306330624;613027840;4786360320;0.0;106504192;239033831424
2026-08-23 20:09:14;;21.4;9.6;3.8;86.1;93.3;31971778560;2311680000;613027840;4786360320;0.0;106504192;239033831424
2026-08-23 20:09:16;;16.0;8.1;10.4;80.3;93.3;31970107392;2313351168;613027840;4786360320;0.0;106504192;239033831424
2026-08-23 20:09:18;;24.0;10.1;4.8;82.8;93.2;31963414528;2320044032;613027840;4786360320;0.0;106504192;239033831424
2026-08-23 20:09:20;;13.6;5.2;5.8;88.1;93.2;31965818880;2317639680;613023744;4786364416;0.0;106504192;239033831424
2026-08-23 20:09:22;;10.9;4.4;1.7;93.9;93.3;31969812480;2313646080;613023744;4786364416;0.0;106504192;239033831424
2026-08-23 20:09:24;;9.7;5.3;4.4;89.9;93.2;31966646272;2316812288;613023744;4786364416;0.0;106504192;239033831424
2026-08-23 20:09:26;;17.4;8.2;6.6;84.1;93.2;31964598272;2318860288;613019648;4786368512;0.0;106504192;239033831424
2026-08-23 20:09:28;;15.8;8.5;5.4;84.8;93.2;31949266944;2334191616;612769792;4786618368;0.0;106504192;239033831424
2026-08-23 20:09:30;;18.7;10.3;6.3;82.6;93.2;31962656768;2320801792;612769792;4786618368;0.0;106504192;239033831424
2026-08-23 20:09:32;;16.0;6.8;6.9;85.9;93.1;31914450944;2369007616;612769792;4786618368;0.0;106504192;239033831424
2026-08-23 20:09:34;;15.0;7.1;5.7;86.7;93.3;31998971904;2284486656;612769792;4786618368;0.0;106504192;239033831424
2026-08-23 20:09:36;;27.2;9.4;4.4;85.4;93.3;31998742528;2284716032;612741120;4786647040;0.0;106504192;239033831424
2026-08-23 20:09:38;;16.7;9.3;3.9;86.3;93.3;31978807296;2304651264;612720640;4786667520;0.0;106504192;239033831424
2026-08-23 20:09:40;;14.5;10.4;5.7;83.4;93.2;31952121856;2331336704;612720640;4786667520;0.0;106504192;239033831424
2026-08-23 20:09:42;;15.8;10.7;11.1;77.1;93.2;31948615680;2334842880;612720640;4786667520;0.0;106504192;239033831424
2026-08-23 20:09:44;;15.2;11.4;4.9;83.5;93.2;31953489920;2329968640;612720640;4786667520;0.0;106504192;239033831424
2026-08-23 20:09:46;;25.7;6.1;11.0;80.1;93.2;31935160320;2348298240;612720640;4786667520;0.0;106504192;239033831424
2026-08-23 20:09:48;;12.8;6.6;4.4;88.0;93.2;31941328896;2342129664;612720640;4786667520;0.0;106504192;239033831424
2026-08-23 20:09:50;;11.3;5.8;4.6;88.1;93.2;31935315968;2348142592;612720640;4786667520;0.0;106504192;239033831424
2026-08-23 20:09:52;;10.0;6.0;3.9;89.7;93.2;31938846720;2344611840;612720640;4786667520;0.0;106508288;239033827328
2026-08-23 20:09:54;;10.6;7.8;2.1;89.5;93.2;31942602752;2340855808;612720640;4786667520;0.0;106508288;239033827328
2026-08-23 20:09:56;;19.8;6.4;3.1;90.0;93.2;31938957312;2344501248;612716544;4786671616;0.0;106508288;239033827328
2026-08-23 20:09:58;;17.3;5.7;4.0;89.4;93.2;31947194368;2336264192;612716544;4786671616;0.0;106508288;239033827328
2026-08-23 20:10:00;;8.8;8.0;5.0;86.2;93.2;31943065600;2340392960;612716544;4786671616;0.0;106508288;239033827328
2026-08-23 20:10:02;;13.7;6.6;5.2;87.8;93.2;31947702272;2335756288;612716544;4786671616;0.0;106508288;239033827328
2026-08-23 20:10:04;;15.4;8.5;4.6;86.6;93.0;31885557760;2397900800;612716544;4786671616;0.0;106508288;239033827328
2026-08-23 20:10:06;;15.7;6.0;3.6;90.0;93.0;31877316608;2406141952;612716544;4786671616;0.0;106508288;239033827328
2026-08-23 20:10:08;;17.6;7.8;4.2;87.8;93.0;31884038144;2399420416;612716544;4786671616;0.0;106508288;239033827328
2026-08-23 20:10:10;;12.8;12.4;4.3;82.6;93.0;31878594560;2404864000;612716544;4786671616;0.0;106508288;239033827328
2026-08-23 20:10:12;;18.0;6.8;4.9;87.2;93.0;31889993728;2393464832;612716544;4786671616;0.0;106508288;239033827328
2026-08-23 20:10:14;;27.7;9.3;7.8;81.2;93.0;31878561792;2404896768;612716544;4786671616;0.0;106508288;239033827328
2026-08-23 20:10:16;;17.3;8.9;14.0;73.7;93.0;31884804096;2398654464;612716544;4786671616;0.0;106508288;239033827328
2026-08-23 20:10:18;;12.7;6.1;3.9;89.7;93.0;31882485760;2400972800;612716544;4786671616;0.0;106508288;239033827328
2026-08-23 20:10:20;;13.2;5.2;2.8;91.1;93.0;31890608128;2392850432;612716544;4786671616;0.0;106508288;239033827328
2026-08-23 20:10:22;;30.8;6.4;2.7;90.3;93.0;31882719232;2400739328;612716544;4786671616;0.0;106508288;239033827328
2026-08-23 20:10:24;;12.7;7.6;2.5;89.0;93.0;31876710400;2406748160;612716544;4786671616;0.0;106508288;239033827328
2026-08-23 20:10:26;;15.2;6.6;2.0;91.3;92.9;31862185984;2421272576;612716544;4786671616;0.0;106508288;239033827328
2026-08-23 20:10:28;;12.1;6.9;2.2;90.8;93.0;31869394944;2414063616;612716544;4786671616;0.0;106508288;239033827328
2026-08-23 20:10:30;;15.4;8.8;7.4;83.2;93.0;31871512576;2411945984;612716544;4786671616;0.0;106508288;239033827328
2026-08-23 20:10:32;;19.4;11.6;7.9;79.5;92.9;31864754176;2418704384;612716544;4786671616;0.0;106508288;239033827328
2026-08-23 20:10:34;;26.5;7.0;4.5;88.0;92.9;31865233408;2418225152;612716544;4786671616;0.0;106508288;239033827328
2026-08-23 20:10:36;;16.7;7.7;6.4;84.9;92.9;31865438208;2418020352;612716544;4786671616;0.0;106508288;239033827328
2026-08-23 20:10:38;;19.5;11.0;6.4;82.7;93.0;31875489792;2407968768;612716544;4786671616;0.0;106508288;239033827328
2026-08-23 20:10:40;;14.9;14.1;10.6;74.8;93.0;31892910080;2390548480;612663296;4786724864;0.0;106508288;239033827328
2026-08-23 20:10:42;;29.5;15.5;16.1;65.9;93.0;31888809984;2394648576;612663296;4786724864;0.0;106508288;239033827328
2026-08-23 20:10:44;;30.1;10.4;8.9;78.3;93.0;31889412096;2394046464;612663296;4786724864;0.0;106508288;239033827328
2026-08-23 20:10:46;;21.9;11.7;9.1;77.8;93.0;31896088576;2387369984;612634624;4786753536;0.0;106508288;239033827328
2026-08-23 20:10:48;;24.6;11.1;5.3;83.0;93.1;31901380608;2382077952;612626432;4786761728;0.0;106508288;239033827328
2026-08-23 20:10:50;;13.6;10.6;9.9;78.5;93.0;31893856256;2389602304;612626432;4786761728;0.0;106508288;239033827328
2026-08-23 20:10:52;;11.6;5.4;3.2;90.5;93.0;31897419776;2386038784;612626432;4786761728;0.0;106508288;239033827328
2026-08-23 20:10:54;;12.1;5.5;4.8;89.3;93.0;31894114304;2389344256;612626432;4786761728;0.0;106508288;239033827328
2026-08-23 20:10:56;;20.1;7.1;4.7;87.4;93.0;31894863872;2388594688;612626432;4786761728;0.0;106508288;239033827328
2026-08-23 20:10:58;;14.5;6.5;3.2;90.0;93.2;31952490496;2330968064;612626432;4786761728;0.0;106508288;239033827328
2026-08-23 20:11:00;;13.4;9.6;5.2;84.5;93.2;31953309696;2330148864;612605952;4786782208;0.0;106508288;239033827328
2026-08-23 20:11:02;;10.8;9.6;7.5;82.4;93.2;31954751488;2328707072;612605952;4786782208;0.0;106512384;239033823232
2026-08-23 20:11:04;;21.4;9.9;5.8;83.2;93.2;31953240064;2330218496;612515840;4786872320;0.0;106512384;239033823232
2026-08-23 20:11:06;;15.5;8.5;6.8;83.3;93.2;31957704704;2325753856;612515840;4786872320;0.0;106512384;239033823232
2026-08-23 20:11:08;;18.0;8.8;5.0;85.7;93.2;31945891840;2337566720;612507648;4786880512;0.0;106512384;239033823232
2026-08-23 20:11:10;;17.9;12.4;8.1;77.5;93.3;31971143680;2312314880;612503552;4786884608;0.0;106512384;239033823232
2026-08-23 20:11:12;;21.9;5.7;5.3;86.4;93.2;31965462528;2317996032;612503552;4786884608;0.0;106512384;239033823232
2026-08-23 20:11:14;;16.6;5.8;5.6;87.8;93.2;31968305152;2315153408;612503552;4786884608;0.0;106512384;239033823232
2026-08-23 20:11:16;;9.4;10.1;3.2;85.8;93.2;31958020096;2325438464;612503552;4786884608;0.0;106512384;239033823232
2026-08-23 20:11:18;;18.6;8.5;7.4;82.7;93.2;31968677888;2314780672;612503552;4786884608;0.0;106512384;239033823232
2026-08-23 20:11:20;;16.9;4.9;4.3;90.3;93.2;31962890240;2320568320;612503552;4786884608;0.0;106512384;239033823232
2026-08-23 20:11:22;;10.7;6.6;3.1;90.0;93.2;31961464832;2321993728;612503552;4786884608;0.0;106512384;239033823232
2026-08-23 20:11:24;;10.0;5.9;4.9;88.8;93.2;31964397568;2319060992;612503552;4786884608;0.0;106512384;239033823232
2026-08-23 20:11:26;;19.8;12.6;6.3;80.3;93.3;31999410176;2284048384;612503552;4786884608;0.0;106512384;239033823232
2026-08-23 20:11:28;;11.9;8.9;7.0;83.5;93.3;31990996992;2292461568;612503552;4786884608;0.0;106512384;239033823232
2026-08-23 20:11:30;;13.6;10.9;3.5;85.2;93.2;31940620288;2342838272;612503552;4786884608;0.0;106512384;239033823232
2026-08-23 20:11:32;;15.6;8.5;4.3;86.3;93.2;31940706304;2342752256;612499456;4786888704;0.0;106512384;239033823232
2026-08-23 20:11:34;;14.4;12.4;8.8;77.0;93.1;31929139200;2354319360;612499456;4786888704;0.0;106512384;239033823232
2026-08-23 20:11:36;;20.9;8.5;4.1;86.5;93.1;31925993472;2357465088;612499456;4786888704;0.0;106512384;239033823232
2026-08-23 20:11:38;;11.9;9.1;4.3;86.1;93.1;31925481472;2357977088;612499456;4786888704;0.0;106512384;239033823232
2026-08-23 20:11:40;;24.0;5.6;8.6;83.4;93.1;31909687296;2373771264;612499456;4786888704;0.0;106512384;239033823232
2026-08-23 20:11:42;;18.0;6.1;5.8;87.1;93.0;31896756224;2386702336;612499456;4786888704;0.0;106512384;239033823232
2026-08-23 20:11:44;;11.7;6.7;5.2;87.6;93.1;31901614080;2381844480;612499456;4786888704;0.0;106512384;239033823232
2026-08-23 20:11:46;;9.8;7.4;4.5;87.2;93.0;31900569600;2382888960;612499456;4786888704;0.0;106512384;239033823232
2026-08-23 20:11:48;;15.0;5.6;4.5;89.3;93.0;31893114880;2390343680;612499456;4786888704;0.0;106512384;239033823232
2026-08-23 20:11:50;;15.4;8.0;5.6;85.7;93.0;31896399872;2387058688;612499456;4786888704;0.0;106512384;239033823232
2026-08-23 20:11:52;;15.3;9.8;9.9;77.9;93.1;31909187584;2374270976;612495360;4786892800;0.0;106512384;239033823232
2026-08-23 20:11:54;;11.7;18.5;7.4;72.7;93.1;31906250752;2377207808;612495360;4786892800;0.0;106512384;239033823232
2026-08-23 20:11:56;;19.5;11.2;5.1;83.2;93.0;31894601728;2388856832;612495360;4786892800;0.0;106512384;239033823232
2026-08-23 20:11:58;;12.2;12.1;8.6;77.5;93.3;31973818368;2309640192;612495360;4786892800;0.0;106512384;239033823232
2026-08-23 20:12:00;;12.4;9.3;4.0;85.9;93.2;31958036480;2325422080;612495360;4786892800;0.0;106512384;239033823232
2026-08-23 20:12:02;;20.4;13.8;5.0;80.1;93.1;31923056640;2360401920;612495360;4786892800;0.0;106512384;239033823232
2026-08-23 20:12:04;;21.4;10.0;3.0;86.5;93.1;31914225664;2369232896;612495360;4786892800;0.0;106512384;239033823232
2026-08-23 20:12:06;;14.0;10.1;3.7;85.3;93.1;31908229120;2375229440;612478976;4786909184;0.0;106512384;239033823232
2026-08-23 20:12:08;;20.1;10.1;13.1;73.7;93.1;31908511744;2374946816;612478976;4786909184;0.0;106512384;239033823232
2026-08-23 20:12:10;;20.6;6.1;5.9;85.8;93.1;31906140160;2377318400;612478976;4786909184;0.0;106512384;239033823232
2026-08-23 20:12:12;;14.8;4.6;3.8;90.9;93.1;31908712448;2374746112;612458496;4786929664;0.0;106512384;239033823232
2026-08-23 20:12:14;;13.7;5.2;2.9;91.4;93.1;31914905600;2368552960;612454400;4786933760;0.0;106516480;239033819136
2026-08-23 20:12:16;;9.9;6.4;4.0;89.2;93.1;31916802048;2366656512;612454400;4786933760;0.0;106516480;239033819136
2026-08-23 20:12:18;;9.6;9.2;7.1;83.0;93.1;31920467968;2362990592;612454400;4786933760;0.0;106516480;239033819136
2026-08-23 20:12:20;;11.2;5.3;3.4;90.9;93.1;31919878144;2363580416;612454400;4786933760;0.0;106516480;239033819136
2026-08-23 20:12:22;;9.7;8.9;4.9;85.4;93.1;31926706176;2356752384;612454400;4786933760;0.0;106516480;239033819136
2026-08-23 20:12:24;;13.5;8.5;4.5;86.2;93.1;31914582016;2368876544;612454400;4786933760;0.0;106516480;239033819136
2026-08-23 20:12:26;;16.3;6.3;4.4;88.6;93.1;31903907840;2379550720;612454400;4786933760;0.0;106516480;239033819136
2026-08-23 20:12:28;;15.0;21.6;9.9;67.2;93.0;31884816384;2398642176;612454400;4786933760;0.0;106516480;239033819136
2026-08-23 20:12:30;;21.3;8.6;4.6;86.6;93.0;31882469376;2400989184;612454400;4786933760;0.0;106516480;239033819136
2026-08-23 20:12:32;;15.2;9.2;6.2;84.0;93.0;31889530880;2393927680;612454400;4786933760;0.0;106516480;239033819136
2026-08-23 20:12:34;;22.3;12.3;5.3;80.9;93.0;31877603328;2405855232;612450304;4786937856;0.0;106516480;239033819136
2026-08-23 20:12:36;;24.9;9.1;10.7;78.3;93.0;31877636096;2405822464;612450304;4786937856;0.0;106516480;239033819136
2026-08-23 20:12:38;;18.9;4.7;5.1;87.6;93.0;31882952704;2400505856;612450304;4786937856;0.0;106516480;239033819136
2026-08-23 20:12:40;;9.8;5.0;4.4;89.7;93.0;31889276928;2394181632;612450304;4786937856;0.0;106516480;239033819136
2026-08-23 20:12:42;;18.0;5.7;3.7;89.6;93.0;31881105408;2402353152;612450304;4786937856;0.0;106516480;239033819136
2026-08-23 20:12:44;;11.1;4.8;3.0;91.8;93.0;31880499200;2402959360;612450304;4786937856;0.0;106516480;239033819136
2026-08-23 20:12:46;;22.0;6.0;4.2;89.6;93.0;31885103104;2398355456;612450304;4786937856;0.0;106516480;239033819136
2026-08-23 20:12:48;;11.3;11.9;8.5;79.0;93.0;31887405056;2396053504;612450304;4786937856;0.0;106516480;239033819136
2026-08-23 20:12:50;;14.6;7.0;3.9;88.8;93.0;31895896064;2387562496;612450304;4786937856;0.0;106516480;239033819136
2026-08-23 20:12:52;;13.2;6.1;3.3;90.5;93.0;31894544384;2388914176;612450304;4786937856;0.0;106516480;239033819136
2026-08-23 20:12:54;;14.5;7.8;4.6;87.4;93.0;31891808256;2391650304;612450304;4786937856;0.0;106516480;239033819136
2026-08-23 20:12:56;;14.1;7.7;4.4;87.5;93.0;31895056384;2388402176;612446208;4786941952;0.0;106516480;239033819136
2026-08-23 20:12:58;;15.1;10.9;4.7;83.8;93.1;31913127936;2370330624;612446208;4786941952;0.0;106516480;239033819136
2026-08-23 20:13:00;;12.9;12.0;6.6;80.7;93.0;31896780800;2386677760;612446208;4786941952;0.0;106516480;239033819136
2026-08-23 20:13:02;;15.3;10.0;3.7;85.6;93.0;31897858048;2385600512;612446208;4786941952;0.0;106516480;239033819136
2026-08-23 20:13:04;;15.3;9.0;6.0;83.5;93.1;31907069952;2376388608;612446208;4786941952;0.0;106516480;239033819136
2026-08-23 20:13:06;;32.4;5.1;4.4;88.0;93.0;31900676096;2382782464;612446208;4786941952;0.0;106516480;239033819136
2026-08-23 20:13:08;;15.7;5.7;3.5;90.2;93.1;31905492992;2377965568;612446208;4786941952;0.0;106516480;239033819136
2026-08-23 20:13:10;;24.1;6.3;4.5;88.4;93.1;31924346880;2359111680;612446208;4786941952;0.0;106516480;239033819136
2026-08-23 20:13:12;;12.5;3.5;6.3;89.4;93.1;31920287744;2363170816;612446208;4786941952;0.0;106516480;239033819136
2026-08-23 20:13:14;;11.8;8.4;4.8;86.3;93.1;31928934400;2354524160;612446208;4786941952;0.0;106516480;239033819136
2026-08-23 20:13:16;;10.9;7.4;2.0;90.6;93.1;31927599104;2355859456;612446208;4786941952;0.0;106516480;239033819136
2026-08-23 20:13:18;;8.2;6.6;7.9;84.6;93.1;31931179008;2352279552;612446208;4786941952;0.0;106516480;239033819136
2026-08-23 20:13:20;;19.0;6.9;3.5;89.2;93.1;31929085952;2354372608;612442112;4786946048;0.0;106516480;239033819136
2026-08-23 20:13:22;;13.5;7.9;5.2;86.6;93.1;31926829056;2356629504;612442112;4786946048;0.0;106516480;239033819136
2026-08-23 20:13:24;;13.7;10.5;6.5;82.3;93.1;31927230464;2356228096;612442112;4786946048;0.0;106520576;239033815040
2026-08-23 20:13:26;;20.6;10.1;4.1;85.1;93.1;31928918016;2354540544;612442112;4786946048;0.0;106520576;239033815040
2026-08-23 20:13:28;;13.1;15.1;11.0;72.0;93.3;32001847296;2281611264;612442112;4786946048;0.0;106520576;239033815040
2026-08-23 20:13:30;;20.8;14.6;8.1;75.7;93.3;31973171200;2310287360;612442112;4786946048;0.0;106520576;239033815040
2026-08-23 20:13:32;;24.9;8.5;4.4;86.5;93.2;31944183808;2339274752;612442112;4786946048;0.0;106520576;239033815040
2026-08-23 20:13:34;;24.8;7.3;9.5;80.3;93.2;31962460160;2320998400;612442112;4786946048;0.0;106520576;239033815040
2026-08-23 20:13:36;;15.7;5.2;4.9;89.0;93.2;31964733440;2318725120;612442112;4786946048;0.0;106520576;239033815040
2026-08-23 20:13:38;;10.0;9.3;5.3;84.4;93.2;31948918784;2334539776;612438016;4786950144;0.0;106520576;239033815040
2026-08-23 20:13:40;;15.9;7.5;4.5;87.0;93.1;31912775680;2370682880;612438016;4786950144;0.0;106520576;239033815040
2026-08-23 20:13:42;;8.7;7.2;5.3;86.0;93.1;31911231488;2372227072;612438016;4786950144;0.0;106520576;239033815040
2026-08-23 20:13:44;;11.5;5.7;3.1;90.9;93.1;31910883328;2372575232;612438016;4786950144;0.0;106520576;239033815040
2026-08-23 20:13:46;;10.8;7.0;2.6;89.8;93.1;31910100992;2373357568;612438016;4786950144;0.0;106520576;239033815040
2026-08-23 20:13:48;;17.5;7.1;3.9;88.4;93.1;31907426304;2376032256;612438016;4786950144;0.0;106520576;239033815040
2026-08-23 20:13:50;;15.8;8.1;6.1;84.8;93.0;31899070464;2384388096;612438016;4786950144;0.0;106520576;239033815040
2026-08-23 20:13:52;;15.5;5.4;2.7;91.5;93.1;31905296384;2378162176;612438016;4786950144;0.0;106520576;239033815040
2026-08-23 20:13:54;;15.8;11.5;6.6;81.0;93.1;31902879744;2380578816;612438016;4786950144;0.0;106520576;239033815040
2026-08-23 20:13:56;;17.0;6.5;3.9;89.1;93.1;31907373056;2376085504;612438016;4786950144;0.0;106520576;239033815040
2026-08-23 20:13:58;;16.0;8.1;3.1;88.4;93.1;31904620544;2378838016;612438016;4786950144;0.0;106520576;239033815040
2026-08-23 20:14:00;;11.8;8.0;4.2;86.4;93.1;31906181120;2377277440;612433920;4786954240;0.0;106520576;239033815040
2026-08-23 20:14:02;;21.1;8.1;9.0;80.3;93.1;31901712384;2381746176;612429824;4786958336;0.0;106520576;239033815040
2026-08-23 20:14:04;;15.8;9.7;8.9;79.0;93.0;31899926528;2383532032;612380672;4787007488;0.0;106520576;239033815040
2026-08-23 20:14:06;;12.8;8.0;5.8;84.8;93.0;31896702976;2386755584;612376576;4787011584;0.0;106520576;239033815040
2026-08-23 20:14:08;;17.0;5.4;3.0;91.1;93.1;31917740032;2365718528;612376576;4787011584;0.0;106520576;239033815040
2026-08-23 20:14:10;;21.9;6.6;5.2;87.2;93.2;31947440128;2336018432;612339712;4787048448;0.0;106520576;239033815040
2026-08-23 20:14:12;;12.4;6.7;4.9;87.7;93.2;31956389888;2327068672;612339712;4787048448;0.0;106520576;239033815040
2026-08-23 20:14:14;;11.9;5.8;4.3;89.4;93.1;31934722048;2348736512;612339712;4787048448;0.0;106520576;239033815040
2026-08-23 20:14:16;;17.5;7.2;5.2;86.8;93.1;31923912704;2359545856;612339712;4787048448;0.0;106520576;239033815040
2026-08-23 20:14:18;;25.0;9.4;5.8;84.2;93.1;31916953600;2366504960;612339712;4787048448;0.0;106520576;239033815040
2026-08-23 20:14:20;;13.9;7.5;7.9;83.9;93.1;31923232768;2360225792;612335616;4787052544;0.0;106520576;239033815040
2026-08-23 20:14:22;;10.8;6.8;4.2;88.8;93.1;31921659904;2361798656;612335616;4787052544;0.0;106520576;239033815040
2026-08-23 20:14:24;;17.5;10.3;6.6;82.2;93.1;31926231040;2357227520;612327424;4787060736;0.0;106520576;239033815040
2026-08-23 20:14:26;;20.4;7.2;3.0;89.0;93.1;31914217472;2369241088;612327424;4787060736;0.0;106520576;239033815040
2026-08-23 20:14:28;;17.4;10.5;5.5;83.5;93.2;31939502080;2343956480;612294656;4787093504;0.0;106520576;239033815040
2026-08-23 20:14:30;;16.8;13.7;8.6;76.0;93.2;31935201280;2348257280;612286464;4787101696;0.0;106520576;239033815040
2026-08-23 20:14:32;;17.5;5.6;6.1;86.0;93.0;31891550208;2391908352;612282368;4787105792;0.0;106520576;239033815040
2026-08-23 20:14:34;;10.8;6.5;5.2;87.5;93.0;31876628480;2406830080;612282368;4787105792;0.0;106524672;239033810944
2026-08-23 20:14:36;;18.5;4.6;5.0;89.4;93.0;31873617920;2409840640;612274176;4787113984;0.0;106524672;239033810944
2026-08-23 20:14:38;;17.8;6.2;3.2;90.0;93.0;31877693440;2405765120;612274176;4787113984;0.0;106524672;239033810944
2026-08-23 20:14:40;;16.0;4.9;4.4;89.9;92.9;31851044864;2432413696;612274176;4787113984;0.0;106524672;239033810944
2026-08-23 20:14:42;;13.4;7.5;6.4;84.9;92.9;31850508288;2432950272;612274176;4787113984;0.0;106524672;239033810944
2026-08-23 20:14:44;;17.7;7.5;5.2;86.3;92.9;31849979904;2433478656;612270080;4787118080;0.0;106524672;239033810944
2026-08-23 20:14:46;;16.6;7.8;3.5;88.2;92.9;31845273600;2438184960;612270080;4787118080;0.0;106524672;239033810944
2026-08-23 20:14:48;;20.1;7.6;5.6;86.6;92.9;31853547520;2429911040;612270080;4787118080;0.0;106524672;239033810944
2026-08-23 20:14:50;;12.4;9.7;8.2;81.7;92.9;31851716608;2431741952;612270080;4787118080;0.0;106524672;239033810944
2026-08-23 20:14:52;;17.1;10.2;6.1;82.9;92.9;31854428160;2429030400;612270080;4787118080;0.0;106524672;239033810944
2026-08-23 20:14:54;;19.7;9.6;4.7;85.1;92.9;31847129088;2436329472;612270080;4787118080;0.0;106524672;239033810944
2026-08-23 20:14:56;;14.5;12.0;5.2;82.0;92.9;31858065408;2425393152;612270080;4787118080;0.0;106524672;239033810944
2026-08-23 20:14:58;;17.7;11.3;7.2;80.1;92.8;31799668736;2483789824;612270080;4787118080;0.0;106524672;239033810944
2026-08-23 20:15:00;;23.0;4.6;4.7;88.5;92.7;31794114560;2489344000;612270080;4787118080;0.0;106524672;239033810944
2026-08-23 20:15:02;;12.2;7.9;8.5;81.4;92.7;31793119232;2490339328;612270080;4787118080;0.0;106524672;239033810944
2026-08-23 20:15:04;;15.3;5.8;3.0;90.7;92.7;31795802112;2487656448;612270080;4787118080;0.0;106524672;239033810944
2026-08-23 20:15:06;;9.1;4.9;3.5;90.7;92.7;31793418240;2490040320;612270080;4787118080;0.0;106524672;239033810944
2026-08-23 20:15:08;;15.0;5.6;3.2;90.6;92.8;31823491072;2459967488;612270080;4787118080;0.0;106524672;239033810944
2026-08-23 20:15:10;;20.1;6.0;4.2;89.5;92.8;31827668992;2455789568;612270080;4787118080;0.0;106524672;239033810944
2026-08-23 20:15:12;;14.2;6.2;4.0;89.0;92.8;31817752576;2465705984;612270080;4787118080;0.0;106524672;239033810944
2026-08-23 20:15:14;;11.4;6.4;2.2;91.3;92.8;31813910528;2469548032;612270080;4787118080;0.0;106524672;239033810944
2026-08-23 20:15:16;;12.5;9.4;4.9;84.8;92.8;31812685824;2470772736;612270080;4787118080;0.0;106524672;239033810944
2026-08-23 20:15:18;;14.9;16.1;9.6;72.7;92.8;31817072640;2466385920;612270080;4787118080;0.0;106524672;239033810944
2026-08-23 20:15:20;;21.6;8.3;6.2;85.0;92.9;31836110848;2447347712;612270080;4787118080;0.0;106524672;239033810944
2026-08-23 20:15:22;;18.1;11.1;6.5;81.6;92.8;31830138880;2453319680;612270080;4787118080;0.0;106524672;239033810944
2026-08-23 20:15:24;;13.3;12.1;6.8;80.9;92.8;31829528576;2453929984;612270080;4787118080;0.0;106524672;239033810944
2026-08-23 20:15:26;;23.0;9.5;5.2;84.4;92.8;31831072768;2452385792;612270080;4787118080;0.0;106524672;239033810944
2026-08-23 20:15:28;;24.4;9.8;11.7;75.2;93.1;31907610624;2375847936;612253696;4787134464;0.0;106524672;239033810944
2026-08-23 20:15:30;;13.5;6.8;3.7;88.6;93.0;31898320896;2385137664;612253696;4787134464;0.0;106524672;239033810944
2026-08-23 20:15:32;;18.6;4.9;4.3;89.9;93.1;31903371264;2380087296;612253696;4787134464;0.0;106524672;239033810944
2026-08-23 20:15:34;;10.0;7.9;8.0;82.8;93.0;31888551936;2394906624;612253696;4787134464;0.0;106524672;239033810944
2026-08-23 20:15:36;;13.3;6.2;3.7;89.3;93.0;31891644416;2391814144;612253696;4787134464;0.0;106524672;239033810944
2026-08-23 20:15:38;;13.8;9.2;3.7;86.2;93.0;31868997632;2414460928;612253696;4787134464;0.0;106524672;239033810944
2026-08-23 20:15:40;;14.4;11.6;8.0;79.3;92.9;31845126144;2438332416;612139008;4787249152;0.0;106524672;239033810944
2026-08-23 20:15:42;;16.7;6.5;3.2;89.9;92.9;31833903104;2449555456;612057088;4787331072;0.0;106524672;239033810944
2026-08-23 20:15:44;;16.1;7.3;5.2;87.4;92.9;31836614656;2446843904;612057088;4787331072;0.0;106528768;239033806848
2026-08-23 20:15:46;;18.8;8.7;3.9;86.8;92.9;31835488256;2447970304;612028416;4787359744;0.0;106528768;239033806848
2026-08-23 20:15:48;;16.0;11.2;3.6;84.1;92.9;31848247296;2435211264;612028416;4787359744;0.0;106528768;239033806848
2026-08-23 20:15:50;;12.1;9.5;2.6;87.7;92.9;31846498304;2436960256;612028416;4787359744;0.0;106528768;239033806848
2026-08-23 20:15:52;;20.0;8.9;3.9;86.5;92.9;31845494784;2437963776;612028416;4787359744;0.0;106528768;239033806848
2026-08-23 20:15:54;;13.7;9.6;4.9;85.1;92.9;31846924288;2436534272;612024320;4787363840;0.0;106528768;239033806848
2026-08-23 20:15:56;;23.0;6.2;8.6;82.5;92.9;31845216256;2438242304;612024320;4787363840;0.0;106528768;239033806848
2026-08-23 20:15:58;;14.3;5.0;3.7;90.1;92.9;31843028992;2440429568;612024320;4787363840;0.0;106528768;239033806848
2026-08-23 20:16:00;;13.7;4.7;4.7;89.9;92.9;31855800320;2427658240;612024320;4787363840;0.0;106528768;239033806848
2026-08-23 20:16:02;;15.5;7.4;6.9;85.5;92.9;31854252032;2429206528;612024320;4787363840;0.0;106528768;239033806848
2026-08-23 20:16:04;;10.7;7.5;7.7;83.3;92.9;31851384832;2432073728;612024320;4787363840;0.0;106528768;239033806848
2026-08-23 20:16:06;;11.0;9.6;7.1;82.0;92.9;31839416320;2444042240;611987456;4787400704;0.0;106528768;239033806848
2026-08-23 20:16:08;;10.0;10.4;6.7;81.7;92.9;31842701312;2440757248;611975168;4787412992;0.0;106528768;239033806848
2026-08-23 20:16:10;;19.7;7.7;5.9;85.4;92.9;31832526848;2450931712;611975168;4787412992;0.0;106528768;239033806848
2026-08-23 20:16:12;;16.1;7.2;3.0;89.1;92.8;31828447232;2455011328;611975168;4787412992;0.0;106528768;239033806848
2026-08-23 20:16:14;;12.4;16.1;5.4;77.6;92.9;31832330240;2451128320;611975168;4787412992;0.0;106528768;239033806848
2026-08-23 20:16:16;;15.7;8.8;4.0;86.4;92.9;31835717632;2447740928;611975168;4787412992;0.0;106528768;239033806848
2026-08-23 20:16:18;;17.2;6.8;3.6;88.9;92.9;31837077504;2446381056;611975168;4787412992;0.0;106528768;239033806848
2026-08-23 20:16:20;;16.7;7.4;4.5;87.6;92.8;31831187456;2452271104;611913728;4787474432;0.0;106528768;239033806848
2026-08-23 20:16:22;;24.7;8.6;2.7;88.5;92.8;31829676032;2453782528;611909632;4787478528;0.0;106528768;239033806848
2026-08-23 20:16:24;;22.0;9.6;10.5;76.9;92.8;31830073344;2453385216;611909632;4787478528;0.0;106528768;239033806848
2026-08-23 20:16:26;;18.7;4.7;5.1;88.1;92.9;31832559616;2450898944;611909632;4787478528;0.0;106528768;239033806848
2026-08-23 20:16:28;;16.9;6.6;4.5;87.8;92.9;31850962944;2432495616;611909632;4787478528;0.0;106528768;239033806848
2026-08-23 20:16:30;;15.2;8.0;4.5;86.8;92.9;31864176640;2419281920;611909632;4787478528;0.0;106528768;239033806848
2026-08-23 20:16:32;;19.7;3.9;6.1;89.0;93.0;31870955520;2412503040;611909632;4787478528;0.0;106528768;239033806848
2026-08-23 20:16:34;;10.7;3.9;3.6;92.1;93.0;31876464640;2406993920;611909632;4787478528;0.0;106528768;239033806848
2026-08-23 20:16:36;;12.0;10.2;4.7;84.7;93.0;31871700992;2411757568;611905536;4787482624;0.0;106528768;239033806848
2026-08-23 20:16:38;;12.0;9.4;6.3;83.0;93.0;31871012864;2412445696;611905536;4787482624;0.0;106528768;239033806848
2026-08-23 20:16:40;;15.7;11.3;4.9;83.2;92.9;31866167296;2417291264;611905536;4787482624;0.0;106528768;239033806848
2026-08-23 20:16:42;;16.2;17.1;4.0;78.3;92.9;31860224000;2423234560;611905536;4787482624;0.0;106528768;239033806848
2026-08-23 20:16:44;;10.9;8.3;3.4;87.9;92.9;31848910848;2434547712;611905536;4787482624;0.0;106528768;239033806848
2026-08-23 20:16:46;;14.0;7.4;4.9;87.3;92.8;31827591168;2455867392;611905536;4787482624;0.0;106528768;239033806848
2026-08-23 20:16:48;;16.5;6.5;5.3;87.9;92.8;31830007808;2453450752;611905536;4787482624;0.0;106528768;239033806848
2026-08-23 20:16:50;;16.3;9.7;3.7;85.5;92.8;31825678336;2457780224;611905536;4787482624;0.0;106528768;239033806848
2026-08-23 20:16:52;;18.7;10.2;13.5;73.3;92.8;31831433216;2452025344;611905536;4787482624;0.0;106528768;239033806848
2026-08-23 20:16:54;;18.5;6.4;8.8;81.9;92.8;31829639168;2453819392;611905536;4787482624;0.0;106528768;239033806848
2026-08-23 20:16:56;;14.7;4.7;2.3;92.5;92.9;31833767936;2449690624;611905536;4787482624;0.0;106532864;239033802752
2026-08-23 20:16:58;;13.9;5.3;3.2;90.8;92.8;31830020096;2453438464;611905536;4787482624;0.0;106532864;239033802752
2026-08-23 20:17:00;;9.9;5.2;3.6;90.9;92.8;31828844544;2454614016;611905536;4787482624;0.0;106532864;239033802752
2026-08-23 20:17:02;;12.1;4.1;3.2;92.1;92.9;31835070464;2448388096;611905536;4787482624;0.0;106532864;239033802752
2026-08-23 20:17:04;;9.0;6.5;4.3;88.7;92.9;31835185152;2448273408;611897344;4787490816;0.0;106532864;239033802752
2026-08-23 20:17:06;;14.0;6.7;4.0;88.6;92.9;31833174016;2450284544;611897344;4787490816;0.0;106532864;239033802752
2026-08-23 20:17:08;;17.2;14.1;11.4;71.7;92.9;31847915520;2435543040;611897344;4787490816;0.0;106532864;239033802752
2026-08-23 20:17:10;;16.6;6.2;3.0;90.6;92.9;31853551616;2429906944;611897344;4787490816;0.0;106532864;239033802752
2026-08-23 20:17:12;;12.8;7.3;4.1;88.2;92.9;31859736576;2423721984;611897344;4787490816;0.0;106532864;239033802752
2026-08-23 20:17:14;;15.9;8.7;3.1;87.4;92.9;31856361472;2427097088;611897344;4787490816;0.0;106532864;239033802752
2026-08-23 20:17:16;;19.4;8.2;4.5;86.7;92.9;31854063616;2429394944;611897344;4787490816;0.0;106532864;239033802752
2026-08-23 20:17:18;;12.2;7.9;4.5;86.6;92.9;31853522944;2429935616;611897344;4787490816;0.0;106532864;239033802752
2026-08-23 20:17:20;;20.0;13.9;6.7;78.2;93.0;31867052032;2416406528;611897344;4787490816;0.0;106532864;239033802752
2026-08-23 20:17:22;;20.3;7.8;11.3;77.7;93.0;31867256832;2416201728;611889152;4787499008;0.0;106532864;239033802752
2026-08-23 20:17:24;;13.1;6.1;5.2;88.1;92.9;31860842496;2422616064;611889152;4787499008;0.0;106532864;239033802752
2026-08-23 20:17:26;;10.2;5.8;5.4;88.2;92.9;31859007488;2424451072;611889152;4787499008;0.0;106532864;239033802752
2026-08-23 20:17:28;;10.9;16.1;6.1;77.0;93.1;31931699200;2351759360;611889152;4787499008;0.0;106532864;239033802752
2026-08-23 20:17:30;;18.1;8.1;4.1;87.0;93.1;31916060672;2367397888;611889152;4787499008;0.0;106532864;239033802752
2026-08-23 20:17:32;;9.6;9.7;5.1;84.4;93.0;31878754304;2404704256;611880960;4787507200;0.0;106532864;239033802752
2026-08-23 20:17:34;;18.3;6.2;4.9;87.8;93.0;31879581696;2403876864;611880960;4787507200;0.0;106532864;239033802752
2026-08-23 20:17:36;;13.5;8.8;3.5;87.3;93.0;31873376256;2410082304;611880960;4787507200;0.0;106532864;239033802752
2026-08-23 20:17:38;;13.3;9.0;6.1;83.8;92.9;31858241536;2425217024;611880960;4787507200;0.0;106532864;239033802752
2026-08-23 20:17:40;;14.5;8.7;4.5;86.3;92.9;31853993984;2429464576;611880960;4787507200;0.0;106532864;239033802752
2026-08-23 20:17:42;;10.3;14.7;7.5;77.1;92.9;31855017984;2428440576;611880960;4787507200;0.0;106532864;239033802752
2026-08-23 20:17:44;;17.4;8.1;2.2;89.3;92.9;31842390016;2441068544;611880960;4787507200;0.0;106532864;239033802752
2026-08-23 20:17:46;;21.0;18.1;6.3;74.8;93.0;31892414464;2391044096;611819520;4787568640;0.0;106532864;239033802752
2026-08-23 20:17:48;;35.1;17.3;19.3;60.9;93.0;31874838528;2408620032;611819520;4787568640;0.0;106532864;239033802752
2026-08-23 20:17:50;;34.9;9.1;7.9;80.5;93.0;31887159296;2396299264;611819520;4787568640;0.0;106532864;239033802752
2026-08-23 20:17:52;;33.0;22.5;14.5;61.8;93.5;32059088896;2224369664;611819520;4787568640;0.0;106532864;239033802752
2026-08-23 20:17:54;;32.6;15.2;11.9;70.9;93.6;32075898880;2207559680;611819520;4787568640;0.0;106532864;239033802752
2026-08-23 20:17:56;;32.3;18.2;7.1;73.2;93.6;32098168832;2185289728;611819520;4787568640;0.0;106532864;239033802752
2026-08-23 20:17:58;;26.5;15.6;14.8;66.5;93.6;32074711040;2208747520;611819520;4787568640;0.0;106532864;239033802752
2026-08-23 20:18:00;;30.4;17.9;16.9;62.4;93.6;32099827712;2183630848;611819520;4787568640;0.0;106532864;239033802752
2026-08-23 20:18:02;;34.3;19.8;10.7;67.5;93.5;32050163712;2233294848;611815424;4787572736;0.0;106532864;239033802752
2026-08-23 20:18:04;;30.8;39.5;14.9;43.7;94.1;32277680128;2005778432;611811328;4787576832;0.0;106532864;239033802752
2026-08-23 20:18:06;;48.7;25.9;19.3;52.8;94.1;32277508096;2005950464;611786752;4787601408;0.0;106536960;239033798656
2026-08-23 20:18:08;;24.0;14.5;8.3;75.4;94.1;32275681280;2007777280;611786752;4787601408;0.0;106536960;239033798656
2026-08-23 20:18:10;;21.0;15.1;12.1;70.5;94.0;32222404608;2061053952;611786752;4787601408;0.0;106536960;239033798656
2026-08-23 20:18:12;;33.3;29.9;12.5;56.1;93.4;32032989184;2250469376;611786752;4787601408;0.0;106536960;239033798656
2026-08-23 20:18:14;;48.5;21.8;15.5;60.8;93.4;32015278080;2268180480;611786752;4787601408;0.0;106536960;239033798656
2026-08-23 20:18:16;;24.6;23.4;18.2;54.4;93.4;32021381120;2262077440;611741696;4787646464;0.0;106536960;239033798656
2026-08-23 20:18:18;;41.9;19.9;18.7;57.6;93.5;32040742912;2242715648;611737600;4787650560;0.0;106536960;239033798656
2026-08-23 20:18:20;;27.7;12.1;6.2;80.6;93.5;32064471040;2218987520;611725312;4787662848;0.0;106536960;239033798656
2026-08-23 20:18:22;;29.4;15.6;7.7;75.4;93.5;32065589248;2217869312;611721216;4787666944;0.0;106536960;239033798656
2026-08-23 20:18:24;;45.4;20.5;16.4;60.9;93.5;32063504384;2219954176;611721216;4787666944;0.0;106536960;239033798656
2026-08-23 20:18:26;;13.4;13.6;7.3;77.7;93.5;32065929216;2217529344;611721216;4787666944;0.0;106536960;239033798656
2026-08-23 20:18:28;;23.8;13.2;4.4;81.7;93.6;32074072064;2209386496;611721216;4787666944;0.0;106536960;239033798656
2026-08-23 20:18:30;;37.7;18.8;16.6;61.4;93.6;32078262272;2205196288;611721216;4787666944;0.0;106536960;239033798656
2026-08-23 20:18:32;;43.8;14.7;7.5;77.0;93.5;32070873088;2212585472;611721216;4787666944;0.0;106536960;239033798656
2026-08-23 20:18:34;;49.3;22.2;13.9;61.2;93.6;32074698752;2208759808;611721216;4787666944;0.0;106536960;239033798656
2026-08-23 20:18:36;;33.5;22.9;13.4;62.4;93.6;32073154560;2210304000;611721216;4787666944;0.0;106536960;239033798656
2026-08-23 20:18:38;;29.8;18.2;12.8;66.8;93.5;32068771840;2214686720;611721216;4787666944;0.0;106536960;239033798656
2026-08-23 20:18:40;;48.6;15.6;11.1;72.3;93.9;32206610432;2076848128;611721216;4787666944;0.0;106536960;239033798656
2026-08-23 20:18:42;;48.5;40.9;19.9;35.5;93.8;32153071616;2130386944;611610624;4787777536;0.0;106536960;239033798656
2026-08-23 20:18:44;;48.0;23.3;13.6;61.5;93.7;32128212992;2155245568;611598336;4787789824;0.0;106536960;239033798656
2026-08-23 20:18:46;;48.9;9.9;16.1;70.6;93.5;32062832640;2220625920;611598336;4787789824;0.0;106536960;239033798656
2026-08-23 20:18:48;;37.9;24.5;17.8;53.8;93.8;32167616512;2115842048;611598336;4787789824;0.0;106536960;239033798656
2026-08-23 20:18:50;;29.0;13.3;4.9;81.3;93.7;32136142848;2147315712;611598336;4787789824;0.0;106536960;239033798656
2026-08-23 20:18:52;;36.8;22.8;12.9;63.6;93.6;32096833536;2186625024;611594240;4787793920;0.0;106536960;239033798656
2026-08-23 20:18:54;;29.3;29.8;18.5;47.8;93.6;32078876672;2204581888;611594240;4787793920;0.0;106536960;239033798656
2026-08-23 20:18:56;;19.0;14.2;8.9;75.0;93.6;32083038208;2200420352;611594240;4787793920;0.0;106536960;239033798656
2026-08-23 20:18:58;;60.9;18.4;10.0;70.4;93.6;32081399808;2202058752;611594240;4787793920;0.0;106536960;239033798656
2026-08-23 20:19:00;;27.5;21.4;13.3;62.6;93.4;32032763904;2250694656;611594240;4787793920;0.0;106536960;239033798656
2026-08-23 20:19:02;;39.0;15.0;8.9;74.0;93.4;32031154176;2252304384;611594240;4787793920;0.0;106536960;239033798656
2026-08-23 20:19:04;;16.0;23.8;12.7;61.2;93.4;32031535104;2251923456;611594240;4787793920;0.0;106536960;239033798656
2026-08-23 20:19:06;;19.0;13.5;3.8;82.7;93.3;31975555072;2307903488;611594240;4787793920;0.0;106536960;239033798656
2026-08-23 20:19:08;;19.9;25.6;11.6;61.6;93.3;31974473728;2308984832;611594240;4787793920;0.0;106536960;239033798656
2026-08-23 20:19:10;;44.1;19.8;13.6;64.9;93.3;31996166144;2287292416;611594240;4787793920;0.0;106536960;239033798656
2026-08-23 20:19:12;;38.2;15.9;17.6;62.5;93.3;31985803264;2297655296;611594240;4787793920;0.0;106536960;239033798656
2026-08-23 20:19:14;;44.5;22.9;19.6;52.7;93.3;31990034432;2293424128;611594240;4787793920;0.0;106536960;239033798656
2026-08-23 20:19:16;;21.1;7.2;6.8;83.2;93.3;31996121088;2287337472;611594240;4787793920;0.0;106541056;239033794560
2026-08-23 20:19:18;;17.9;15.8;6.3;77.1;93.3;31999344640;2284113920;611594240;4787793920;0.0;106541056;239033794560
2026-08-23 20:19:20;;27.9;13.6;8.9;76.7;93.3;31998259200;2285199360;611594240;4787793920;0.0;106541056;239033794560
2026-08-23 20:19:22;;30.0;12.1;8.5;78.4;93.4;32005525504;2277933056;611594240;4787793920;0.0;106541056;239033794560
2026-08-23 20:19:24;;33.4;15.5;12.1;70.9;93.4;32013283328;2270175232;611594240;4787793920;0.0;106541056;239033794560
2026-08-23 20:19:26;;49.2;19.4;10.8;68.6;93.4;32032124928;2251333632;611463168;4787924992;0.0;106541056;239033794560
2026-08-23 20:19:28;;29.4;17.7;5.7;75.8;93.4;32035237888;2248220672;611463168;4787924992;0.0;106541056;239033794560
2026-08-23 20:19:30;;40.5;14.1;13.7;69.8;93.5;32067510272;2215948288;611463168;4787924992;0.0;106541056;239033794560
2026-08-23 20:19:32;;36.5;18.4;13.1;67.1;93.4;32037838848;2245619712;611463168;4787924992;0.0;106541056;239033794560
2026-08-23 20:19:34;;33.5;20.0;16.2;61.2;93.4;32036962304;2246496256;611463168;4787924992;0.0;106541056;239033794560
2026-08-23 20:19:36;;35.6;16.4;13.7;68.9;93.7;32107831296;2175627264;611450880;4787937280;0.0;106541056;239033794560
2026-08-23 20:19:38;;28.2;13.1;7.2;78.3;93.6;32087146496;2196312064;611438592;4787949568;0.0;106541056;239033794560
2026-08-23 20:19:40;;31.7;14.6;5.7;79.0;93.5;32071991296;2211467264;611434496;4787953664;0.0;106541056;239033794560
2026-08-23 20:19:42;;41.6;17.0;9.0;72.3;93.2;31969046528;2314412032;611430400;4787957760;0.0;106541056;239033794560
2026-08-23 20:19:44;;18.5;9.9;6.8;80.6;93.2;31965396992;2318061568;611344384;4788043776;0.0;106541056;239033794560
2026-08-23 20:19:46;;32.3;24.6;18.5;53.7;93.6;32079081472;2204377088;611315712;4788072448;0.0;106541056;239033794560
2026-08-23 20:19:48;;27.1;13.3;10.3;74.1;93.6;32086728704;2196729856;611315712;4788072448;0.0;106541056;239033794560
2026-08-23 20:19:50;;34.3;14.6;8.0;76.8;93.8;32168579072;2114879488;611233792;4788154368;0.0;106541056;239033794560
2026-08-23 20:19:52;;42.1;13.0;5.2;80.9;93.9;32191631360;2091827200;611229696;4788158464;0.0;106541056;239033794560
2026-08-23 20:19:54;;18.6;17.5;8.7;73.2;94.0;32233824256;2049634304;611229696;4788158464;0.0;106541056;239033794560
2026-08-23 20:19:56;;44.7;19.3;12.6;66.2;94.0;32239534080;2043924480;611229696;4788158464;0.0;106541056;239033794560
2026-08-23 20:19:58;;35.8;23.2;9.6;65.3;94.1;32246362112;2037096448;611229696;4788158464;0.0;106541056;239033794560
2026-08-23 20:20:00;;45.1;17.8;7.3;72.7;94.1;32248651776;2034806784;611229696;4788158464;0.0;106541056;239033794560
2026-08-23 20:20:02;;27.0;21.5;17.4;58.1;94.0;32236146688;2047311872;611229696;4788158464;0.0;106541056;239033794560
2026-08-23 20:20:04;;27.3;21.0;15.5;61.3;94.1;32243646464;2039812096;611229696;4788158464;0.0;106541056;239033794560
2026-08-23 20:20:06;;39.4;20.7;11.7;65.6;94.0;32237273088;2046185472;611225600;4788162560;0.0;106541056;239033794560
2026-08-23 20:20:08;;42.6;18.5;16.9;62.1;94.0;32241909760;2041548800;611225600;4788162560;0.0;106541056;239033794560
2026-08-23 20:20:10;;40.5;18.0;15.4;64.2;94.1;32258506752;2024951808;611225600;4788162560;0.0;106541056;239033794560
2026-08-23 20:20:12;;44.1;11.3;13.7;70.7;94.5;32413241344;1870217216;611028992;4788359168;0.0;106541056;239033794560
2026-08-23 20:20:14;;29.0;14.5;10.2;74.0;94.3;32338997248;1944461312;611028992;4788359168;0.0;106541056;239033794560
2026-08-23 20:20:16;;41.4;21.4;10.4;66.9;94.0;32238862336;2044596224;611028992;4788359168;0.0;106541056;239033794560
2026-08-23 20:20:18;;26.5;11.2;5.8;82.4;94.2;32290525184;1992933376;611028992;4788359168;0.0;106541056;239033794560
2026-08-23 20:20:20;;14.4;13.1;4.9;80.8;94.0;32242810880;2040647680;611024896;4788363264;0.0;106541056;239033794560
2026-08-23 20:20:22;;15.6;20.9;12.4;63.9;94.0;32215240704;2068217856;611024896;4788363264;0.0;106541056;239033794560
2026-08-23 20:20:24;;37.2;19.2;13.7;65.5;93.9;32203440128;2080018432;611024896;4788363264;0.0;106545152;239033790464
2026-08-23 20:20:26;;26.9;20.8;8.2;69.6;94.0;32214769664;2068688896;611024896;4788363264;0.0;106545152;239033790464
2026-08-23 20:20:28;;34.0;20.2;9.8;68.7;94.1;32255053824;2028404736;611024896;4788363264;0.0;106545152;239033790464
2026-08-23 20:20:30;;17.8;11.6;5.2;82.1;94.1;32263602176;2019856384;611024896;4788363264;0.0;106545152;239033790464
2026-08-23 20:20:32;;33.5;19.2;11.1;66.6;94.2;32307126272;1976332288;611024896;4788363264;0.0;106545152;239033790464
2026-08-23 20:20:34;;30.6;14.4;3.8;81.5;94.3;32336662528;1946796032;611024896;4788363264;0.0;106545152;239033790464
2026-08-23 20:20:36;;33.6;23.3;10.9;64.1;94.4;32380256256;1903202304;611024896;4788363264;0.0;106545152;239033790464
2026-08-23 20:20:38;;22.8;17.1;13.9;66.1;94.5;32382926848;1900531712;611024896;4788363264;0.0;106545152;239033790464
2026-08-23 20:20:40;;37.4;12.6;14.1;69.2;94.6;32446275584;1837182976;611024896;4788363264;0.0;106545152;239033790464
2026-08-23 20:20:42;;24.0;23.7;9.8;65.2;94.7;32469340160;1814118400;611016704;4788371456;0.0;106545152;239033790464
2026-08-23 20:20:44;;32.8;17.9;9.0;72.1;95.1;32595103744;1688354816;610971648;4788416512;0.0;106545152;239033790464
2026-08-23 20:20:46;;19.2;11.0;6.2;82.5;95.1;32598601728;1684856832;610967552;4788420608;0.0;106545152;239033790464
2026-08-23 20:20:48;;21.0;8.5;3.3;87.9;95.0;32554250240;1729208320;610963456;4788424704;0.0;106545152;239033790464
2026-08-23 20:20:50;;39.5;20.1;12.0;64.9;94.7;32483323904;1800134656;610963456;4788424704;0.0;106545152;239033790464
2026-08-23 20:20:52;;30.3;16.7;9.2;72.7;94.6;32445763584;1837694976;610963456;4788424704;0.0;106545152;239033790464
2026-08-23 20:20:54;;54.0;14.3;8.1;77.0;94.6;32436523008;1846935552;610963456;4788424704;0.0;106545152;239033790464
2026-08-23 20:20:56;;22.0;20.5;6.8;71.8;94.5;32400805888;1882652672;610963456;4788424704;0.0;106545152;239033790464
2026-08-23 20:20:58;;41.0;19.7;11.0;67.4;94.4;32348155904;1935302656;610963456;4788424704;0.0;106545152;239033790464
2026-08-23 20:21:00;;18.7;11.0;3.4;84.7;94.4;32352710656;1930747904;610922496;4788465664;0.0;106545152;239033790464
2026-08-23 20:21:02;;26.6;19.5;8.8;69.5;93.9;32203276288;2080182272;610922496;4788465664;0.0;106545152;239033790464
2026-08-23 20:21:04;;22.6;18.4;9.1;70.0;93.9;32190230528;2093228032;610922496;4788465664;0.0;106545152;239033790464
2026-08-23 20:21:06;;33.2;19.0;12.3;66.8;93.9;32189595648;2093862912;610914304;4788473856;0.0;106545152;239033790464
2026-08-23 20:21:08;;29.1;9.3;7.8;79.8;94.0;32235171840;2048286720;610914304;4788473856;0.0;106545152;239033790464
2026-08-23 20:21:10;;14.2;17.6;10.7;69.6;94.1;32253169664;2030288896;610914304;4788473856;0.0;106545152;239033790464
2026-08-23 20:21:12;;25.9;11.3;6.3;81.9;94.2;32287494144;1995964416;610852864;4788535296;0.0;106545152;239033790464
2026-08-23 20:21:14;;24.5;7.1;5.3;86.7;94.2;32311431168;1972027392;610852864;4788535296;0.0;106545152;239033790464
2026-08-23 20:21:16;;15.3;16.2;6.3;76.4;94.3;32316547072;1966911488;610852864;4788535296;0.0;106545152;239033790464
2026-08-23 20:21:18;;43.8;19.5;9.3;70.0;94.3;32322330624;1961127936;610852864;4788535296;0.0;106545152;239033790464
2026-08-23 20:21:20;;30.0;22.0;7.5;69.9;94.3;32325492736;1957965824;610852864;4788535296;0.0;106545152;239033790464
2026-08-23 20:21:22;;24.5;12.5;4.7;82.0;94.3;32331714560;1951744000;610852864;4788535296;0.0;106545152;239033790464
2026-08-23 20:21:24;;21.8;13.6;5.3;79.8;94.3;32324345856;1959112704;610852864;4788535296;0.0;106545152;239033790464
2026-08-23 20:21:26;;36.7;17.8;11.2;68.8;94.3;32322633728;1960824832;610852864;4788535296;0.0;106545152;239033790464
2026-08-23 20:21:28;;43.6;30.1;18.0;48.6;95.0;32573825024;1709633536;610852864;4788535296;0.0;106545152;239033790464
2026-08-23 20:21:30;;30.7;17.9;8.4;72.7;95.1;32593723392;1689735168;610852864;4788535296;0.0;106545152;239033790464
2026-08-23 20:21:32;;51.0;28.0;22.2;45.6;94.6;32438464512;1844994048;610852864;4788535296;0.0;106545152;239033790464
2026-08-23 20:21:34;;47.3;20.8;20.6;55.2;94.3;32342204416;1941254144;610852864;4788535296;0.0;106549248;239033786368
2026-08-23 20:21:36;;48.4;12.4;17.9;65.9;94.3;32317296640;1966161920;610852864;4788535296;0.0;106549248;239033786368
2026-08-23 20:21:38;;41.6;15.4;12.0;69.4;94.1;32272351232;2011107328;610852864;4788535296;0.0;106549248;239033786368
2026-08-23 20:21:40;;29.7;15.4;10.0;73.2;94.1;32245358592;2038099968;610852864;4788535296;0.0;106549248;239033786368
2026-08-23 20:21:42;;35.0;13.7;4.3;81.1;94.0;32240734208;2042724352;610840576;4788547584;0.0;106549248;239033786368
2026-08-23 20:21:44;;33.2;8.0;3.8;87.6;94.1;32272334848;2011123712;610840576;4788547584;0.0;106549248;239033786368
2026-08-23 20:21:46;;12.8;6.3;4.8;88.5;94.1;32269946880;2013511680;610828288;4788559872;0.0;106549248;239033786368
2026-08-23 20:21:48;;17.5;20.6;7.8;70.0;93.9;32188416000;2095042560;610828288;4788559872;0.0;106549248;239033786368
2026-08-23 20:21:50;;20.7;15.6;4.5;79.5;93.9;32187879424;2095579136;610828288;4788559872;0.0;106549248;239033786368
2026-08-23 20:21:52;;33.6;19.2;8.2;71.3;93.7;32129814528;2153644032;610828288;4788559872;0.0;106549248;239033786368
2026-08-23 20:21:54;;31.1;14.5;8.7;76.1;93.8;32162086912;2121371648;610828288;4788559872;0.0;106549248;239033786368
2026-08-23 20:21:56;;26.4;12.3;5.8;81.3;93.8;32161509376;2121949184;610828288;4788559872;0.0;106549248;239033786368
2026-08-23 20:21:58;;35.5;27.4;18.3;50.7;93.9;32187318272;2096140288;610828288;4788559872;0.0;106549248;239033786368
2026-08-23 20:22:00;;51.3;26.0;12.7;59.0;93.9;32178573312;2104885248;610828288;4788559872;0.0;106549248;239033786368
2026-08-23 20:22:02;;31.1;26.9;7.2;64.7;93.9;32175284224;2108174336;610828288;4788559872;0.0;106549248;239033786368
2026-08-23 20:22:04;;40.4;20.0;15.0;61.7;93.9;32195330048;2088128512;610557952;4788830208;0.0;106549248;239033786368
2026-08-23 20:22:06;;24.0;13.1;6.9;77.7;93.9;32200400896;2083057664;610557952;4788830208;0.0;106549248;239033786368
2026-08-23 20:22:08;;26.5;7.1;3.2;89.0;93.9;32197529600;2085928960;610557952;4788830208;0.0;106549248;239033786368
2026-08-23 20:22:10;;17.3;9.8;3.9;85.8;93.9;32186142720;2097315840;610557952;4788830208;0.0;106549248;239033786368
2026-08-23 20:22:12;;15.2;8.4;3.2;87.8;93.9;32204062720;2079395840;610361344;4789026816;0.0;106549248;239033786368
2026-08-23 20:22:14;;21.9;18.4;4.6;76.7;93.9;32201805824;2081652736;610361344;4789026816;0.0;106549248;239033786368
2026-08-23 20:22:16;;29.5;19.9;5.7;73.1;94.0;32232513536;2050945024;610361344;4789026816;0.0;106549248;239033786368
2026-08-23 20:22:18;;16.4;14.2;11.2;73.6;93.9;32208240640;2075217920;610361344;4789026816;0.0;106549248;239033786368
2026-08-23 20:22:20;;26.5;13.0;4.8;81.7;93.9;32192634880;2090823680;610361344;4789026816;0.0;106549248;239033786368
2026-08-23 20:22:22;;18.5;12.0;3.5;83.8;93.9;32195047424;2088411136;610361344;4789026816;0.0;106549248;239033786368
2026-08-23 20:22:24;;24.5;18.4;4.3;76.7;93.8;32171118592;2112339968;610361344;4789026816;0.0;106549248;239033786368
2026-08-23 20:22:26;;23.8;24.5;7.4;67.2;93.8;32172945408;2110513152;610361344;4789026816;0.0;106549248;239033786368
2026-08-23 20:22:28;;35.4;26.0;10.1;62.1;93.9;32180252672;2103205888;610361344;4789026816;0.0;106549248;239033786368
2026-08-23 20:22:30;;42.4;22.1;9.7;66.7;93.8;32172724224;2110734336;610361344;4789026816;0.0;106549248;239033786368
2026-08-23 20:22:32;;46.5;20.9;15.2;61.1;93.9;32182345728;2101112832;610361344;4789026816;0.0;106549248;239033786368
2026-08-23 20:22:34;;17.8;25.9;17.5;51.7;93.9;32199131136;2084327424;610361344;4789026816;0.0;106549248;239033786368
2026-08-23 20:22:36;;31.5;24.6;9.5;63.6;94.0;32231706624;2051751936;610361344;4789026816;0.0;106549248;239033786368
2026-08-23 20:22:38;;18.7;13.6;7.2;77.7;94.0;32227725312;2055733248;610361344;4789026816;0.0;106549248;239033786368
2026-08-23 20:22:40;;20.4;16.3;7.9;74.1;94.0;32220180480;2063278080;610361344;4789026816;0.0;106549248;239033786368
2026-08-23 20:22:42;;28.1;16.3;6.7;75.4;94.0;32222420992;2061037568;610361344;4789026816;0.0;106549248;239033786368
2026-08-23 20:22:44;;17.9;9.9;6.3;82.6;94.0;32222859264;2060599296;610361344;4789026816;0.0;106553344;239033782272
2026-08-23 20:22:46;;18.7;14.1;3.6;81.6;94.0;32227282944;2056175616;610361344;4789026816;0.0;106553344;239033782272
2026-08-23 20:22:48;;45.7;21.5;8.8;67.8;94.1;32249303040;2034155520;610361344;4789026816;0.0;106553344;239033782272
2026-08-23 20:22:51;;22.8;26.6;11.7;60.1;94.0;32241770496;2041688064;610361344;4789026816;0.0;106553344;239033782272
2026-08-23 20:22:53;;28.8;17.9;9.1;71.1;94.1;32251101184;2032357376;610361344;4789026816;0.0;106553344;239033782272
2026-08-23 20:22:55;;31.0;16.6;7.9;74.4;94.1;32255643648;2027814912;610361344;4789026816;0.0;106553344;239033782272
2026-08-23 20:22:57;;24.6;18.6;14.3;65.8;94.1;32270024704;2013433856;610361344;4789026816;0.0;106553344;239033782272
2026-08-23 20:22:59;;29.3;22.1;6.7;69.9;94.1;32269348864;2014109696;610361344;4789026816;0.0;106553344;239033782272
2026-08-23 20:23:01;;30.7;14.2;10.9;73.1;94.1;32258772992;2024685568;610361344;4789026816;0.0;106553344;239033782272
2026-08-23 20:23:03;;20.4;7.9;7.9;80.9;94.1;32253620224;2029838336;610361344;4789026816;0.0;106553344;239033782272
2026-08-23 20:23:05;;21.0;17.2;5.4;76.6;94.1;32270286848;2013171712;610177024;4789211136;0.0;106553344;239033782272
2026-08-23 20:23:07;;40.5;9.7;4.5;84.7;94.1;32255467520;2027991040;610177024;4789211136;0.0;106553344;239033782272
2026-08-23 20:23:09;;28.4;22.6;12.1;63.4;94.2;32280686592;2002771968;610177024;4789211136;0.0;106553344;239033782272
2026-08-23 20:23:11;;18.8;13.5;4.5;81.2;94.1;32270462976;2012995584;610172928;4789215232;0.0;106553344;239033782272
2026-08-23 20:23:13;;29.3;15.9;5.3;77.9;94.2;32288526336;1994932224;610172928;4789215232;0.0;106553344;239033782272
2026-08-23 20:23:15;;34.6;18.9;12.8;65.7;94.1;32275251200;2008207360;610172928;4789215232;0.0;106553344;239033782272
2026-08-23 20:23:17;;43.8;20.7;9.3;68.9;94.5;32412049408;1871409152;610172928;4789215232;0.0;106553344;239033782272
2026-08-23 20:23:19;;44.8;20.2;11.0;68.2;94.8;32488591360;1794867200;610172928;4789215232;0.0;106553344;239033782272
2026-08-23 20:23:21;;34.1;19.9;10.2;67.9;94.6;32440897536;1842561024;610172928;4789215232;0.0;106553344;239033782272
2026-08-23 20:23:23;;25.0;17.4;5.6;76.4;94.7;32462753792;1820704768;610172928;4789215232;0.0;106553344;239033782272
2026-08-23 20:23:25;;26.9;12.8;7.5;77.6;94.4;32366247936;1917210624;610172928;4789215232;0.0;106553344;239033782272
2026-08-23 20:23:27;;40.9;22.2;11.0;65.9;94.3;32344297472;1939161088;610172928;4789215232;0.0;106553344;239033782272
2026-08-23 20:23:29;;37.3;20.2;13.8;63.1;94.2;32279961600;2003496960;610172928;4789215232;0.0;106553344;239033782272
2026-08-23 20:23:31;;35.1;10.3;5.6;81.6;94.2;32294772736;1988685824;610172928;4789215232;0.0;106553344;239033782272
2026-08-23 20:23:33;;21.5;17.9;7.9;72.6;94.3;32320487424;1962971136;610172928;4789215232;0.0;106553344;239033782272
2026-08-23 20:23:35;;21.0;11.3;6.3;81.3;94.4;32352399360;1931059200;610172928;4789215232;0.0;106553344;239033782272
2026-08-23 20:23:37;;19.3;6.9;4.1;88.4;94.4;32356548608;1926909952;610172928;4789215232;0.0;106553344;239033782272
2026-08-23 20:23:39;;40.6;14.8;7.7;76.4;94.3;32322498560;1960960000;610172928;4789215232;0.0;106553344;239033782272
2026-08-23 20:23:41;;15.1;21.6;10.7;66.5;94.4;32346599424;1936859136;610172928;4789215232;0.0;106553344;239033782272
2026-08-23 20:23:43;;26.8;23.1;7.5;68.5;94.4;32378462208;1904996352;610172928;4789215232;0.0;106553344;239033782272
2026-08-23 20:23:45;;16.5;15.6;6.3;77.2;94.5;32391970816;1891487744;610172928;4789215232;0.0;106553344;239033782272
2026-08-23 20:23:47;;27.2;14.3;3.6;81.2;94.5;32401399808;1882058752;610172928;4789215232;0.0;106553344;239033782272
2026-08-23 20:23:49;;23.3;15.3;6.5;77.7;94.4;32377597952;1905860608;610172928;4789215232;0.0;106553344;239033782272
2026-08-23 20:23:51;;33.8;23.5;13.6;59.8;94.4;32368889856;1914568704;610172928;4789215232;0.0;106553344;239033782272
2026-08-23 20:23:53;;19.3;33.2;17.0;46.6;93.9;32200048640;2083409920;610172928;4789215232;0.0;106553344;239033782272
2026-08-23 20:23:55;;45.6;24.0;20.1;51.8;93.9;32199065600;2084392960;610172928;4789215232;0.0;106557440;239033778176
2026-08-23 20:23:57;;55.6;19.1;14.1;64.1;93.9;32199450624;2084007936;610172928;4789215232;0.0;106557440;239033778176
2026-08-23 20:23:59;;39.2;11.3;7.1;78.8;94.0;32223555584;2059902976;610172928;4789215232;0.0;106557440;239033778176
2026-08-23 20:24:01;;31.1;11.5;4.9;82.1;94.1;32263168000;2020290560;610172928;4789215232;0.0;106557440;239033778176
2026-08-23 20:24:03;;22.5;18.9;7.6;72.1;94.3;32343126016;1940332544;610172928;4789215232;0.0;106557440;239033778176
2026-08-23 20:24:05;;44.5;14.2;5.9;78.4;94.5;32393490432;1889968128;610172928;4789215232;0.0;106557440;239033778176
2026-08-23 20:24:07;;28.6;19.0;6.6;73.4;94.5;32401113088;1882345472;610164736;4789223424;0.0;106557440;239033778176
2026-08-23 20:24:09;;21.1;22.4;15.0;60.1;94.5;32404959232;1878499328;610148352;4789239808;0.0;106557440;239033778176
2026-08-23 20:24:11;;29.0;19.8;8.0;71.1;94.5;32401059840;1882398720;610148352;4789239808;0.0;106557440;239033778176
2026-08-23 20:24:13;;20.0;25.0;15.6;56.9;94.6;32426123264;1857335296;610148352;4789239808;0.0;106557440;239033778176
2026-08-23 20:24:15;;31.3;18.7;8.0;71.9;94.7;32467222528;1816236032;610148352;4789239808;0.0;106557440;239033778176
2026-08-23 20:24:17;;42.5;19.5;7.4;72.3;94.8;32500535296;1782923264;610148352;4789239808;0.0;106557440;239033778176
2026-08-23 20:24:19;;41.4;20.5;12.5;64.8;94.9;32544141312;1739317248;610148352;4789239808;0.0;106557440;239033778176
2026-08-23 20:24:21;;24.9;17.6;7.6;73.3;95.0;32561569792;1721888768;610148352;4789239808;0.0;106557440;239033778176
2026-08-23 20:24:23;;29.8;19.3;7.7;71.6;95.1;32615239680;1668218880;610127872;4789260288;0.0;106557440;239033778176
2026-08-23 20:24:25;;34.9;16.5;8.2;73.6;95.3;32681168896;1602289664;610095104;4789293056;0.0;106557440;239033778176
2026-08-23 20:24:27;;47.6;13.1;8.3;75.5;95.4;32700112896;1583345664;610091008;4789297152;0.0;106557440;239033778176
2026-08-23 20:24:29;;28.6;18.1;12.3;67.7;95.5;32749182976;1534275584;610074624;4789313536;0.0;106557440;239033778176
2026-08-23 20:24:31;;27.6;15.9;11.1;70.7;95.6;32772870144;1510588416;610004992;4789383168;0.0;106557440;239033778176
2026-08-23 20:24:33;;29.6;17.8;6.0;75.0;95.8;32833748992;1449709568;609980416;4789407744;0.0;106557440;239033778176
2026-08-23 20:24:35;;33.4;22.0;15.6;60.0;95.9;32873152512;1410306048;609980416;4789407744;0.0;106557440;239033778176
2026-08-23 20:24:37;;44.0;14.8;8.6;75.3;95.9;32893263872;1390194688;609980416;4789407744;0.0;106557440;239033778176
2026-08-23 20:24:39;;37.0;23.2;9.0;65.6;95.9;32887767040;1395691520;609980416;4789407744;0.0;106557440;239033778176
2026-08-23 20:24:41;;23.7;9.2;3.1;87.5;95.9;32885760000;1397698560;609980416;4789407744;0.0;106557440;239033778176
2026-08-23 20:24:43;;41.8;23.4;11.2;63.5;95.9;32883671040;1399787520;609980416;4789407744;0.0;106557440;239033778176
2026-08-23 20:24:45;;29.0;15.5;5.3;78.3;95.9;32882561024;1400897536;609980416;4789407744;0.0;106557440;239033778176
2026-08-23 20:24:47;;20.3;20.0;8.9;69.7;94.6;32429887488;1853571072;609980416;4789407744;0.0;106557440;239033778176
2026-08-23 20:24:49;;33.1;19.4;8.0;71.7;94.6;32433188864;1850269696;609980416;4789407744;0.0;106557440;239033778176
2026-08-23 20:24:51;;23.2;14.7;7.3;75.6;94.5;32412930048;1870528512;609980416;4789407744;0.0;106557440;239033778176
2026-08-23 20:24:53;;39.6;15.1;8.7;74.5;94.6;32424468480;1858990080;609980416;4789407744;0.0;106557440;239033778176
2026-08-23 20:24:55;;32.4;12.7;11.1;72.7;94.6;32430862336;1852596224;609980416;4789407744;0.0;106557440;239033778176
2026-08-23 20:24:57;;17.8;23.0;10.6;64.1;94.6;32422952960;1860505600;609980416;4789407744;0.0;106557440;239033778176
2026-08-23 20:24:59;;26.1;10.3;5.7;83.2;94.5;32381067264;1902391296;609980416;4789407744;0.0;106557440;239033778176
2026-08-23 20:25:01;;27.2;12.6;8.5;77.6;94.4;32380317696;1903140864;609980416;4789407744;0.0;106557440;239033778176
2026-08-23 20:25:03;;17.1;12.9;4.0;82.4;94.4;32369078272;1914380288;609980416;4789407744;0.0;106557440;239033778176
2026-08-23 20:25:05;;38.5;26.0;9.0;63.6;94.5;32388452352;1895006208;609980416;4789407744;0.0;106561536;239033774080
2026-08-23 20:25:07;;20.1;12.5;5.7;81.5;94.4;32377040896;1906417664;609980416;4789407744;0.0;106561536;239033774080
2026-08-23 20:25:09;;22.3;10.5;3.8;85.4;94.5;32403034112;1880424448;609980416;4789407744;0.0;106561536;239033774080
2026-08-23 20:25:11;;26.6;11.4;4.0;84.0;94.5;32404660224;1878798336;609980416;4789407744;0.0;106561536;239033774080
2026-08-23 20:25:13;;24.5;18.6;6.2;73.9;94.4;32368406528;1915052032;609980416;4789407744;0.0;106561536;239033774080
2026-08-23 20:25:15;;29.0;13.8;5.7;79.6;94.4;32379195392;1904263168;609980416;4789407744;0.0;106561536;239033774080
2026-08-23 20:25:17;;37.0;19.0;9.2;69.9;94.4;32377970688;1905487872;609976320;4789411840;0.0;106561536;239033774080
2026-08-23 20:25:19;;26.5;16.1;5.8;77.0;94.5;32383922176;1899536384;609976320;4789411840;0.0;106561536;239033774080
2026-08-23 20:25:21;;39.1;21.5;9.6;67.2;94.5;32385921024;1897537536;609976320;4789411840;0.0;106561536;239033774080
2026-08-23 20:25:23;;36.2;19.1;11.4;66.6;94.5;32383664128;1899794432;609976320;4789411840;0.0;106561536;239033774080
2026-08-23 20:25:25;;31.2;12.4;4.7;80.9;94.2;32299663360;1983795200;609976320;4789411840;0.0;106561536;239033774080
2026-08-23 20:25:27;;33.0;6.8;3.6;89.5;94.2;32298725376;1984733184;609976320;4789411840;0.0;106561536;239033774080
2026-08-23 20:25:29;;13.0;10.4;9.0;79.4;94.2;32303271936;1980186624;609976320;4789411840;0.0;106561536;239033774080
2026-08-23 20:25:31;;24.4;11.2;4.5;83.5;94.3;32312705024;1970753536;609976320;4789411840;0.0;106561536;239033774080
2026-08-23 20:25:33;;21.9;17.9;5.7;75.9;94.3;32342470656;1940987904;609976320;4789411840;0.0;106561536;239033774080
2026-08-23 20:25:35;;22.6;18.4;8.1;72.3;94.4;32346472448;1936986112;609976320;4789411840;0.0;106561536;239033774080
2026-08-23 20:25:37;;28.5;10.5;5.2;83.7;94.4;32371748864;1911709696;609976320;4789411840;0.0;106561536;239033774080
2026-08-23 20:25:39;;29.2;15.3;7.3;75.9;94.4;32361750528;1921708032;609976320;4789411840;0.0;106561536;239033774080
2026-08-23 20:25:41;;32.7;17.1;6.9;74.6;94.4;32380133376;1903325184;609976320;4789411840;0.0;106561536;239033774080
2026-08-23 20:25:43;;38.4;15.5;7.5;76.2;94.4;32366895104;1916563456;609976320;4789411840;0.0;106561536;239033774080
2026-08-23 20:25:45;;20.1;17.6;7.2;72.3;94.4;32358928384;1924530176;609976320;4789411840;0.0;106561536;239033774080
2026-08-23 20:25:47;;27.3;19.2;10.7;68.2;94.4;32361234432;1922224128;609976320;4789411840;0.0;106561536;239033774080
2026-08-23 20:25:49;;38.9;25.7;12.8;58.2;94.4;32368349184;1915109376;609976320;4789411840;0.0;106561536;239033774080
2026-08-23 20:25:51;;44.2;18.9;11.5;66.4;94.3;32324456448;1959002112;609976320;4789411840;0.0;106561536;239033774080
2026-08-23 20:25:53;;33.2;14.6;8.9;73.0;94.3;32322138112;1961320448;609976320;4789411840;0.0;106561536;239033774080
2026-08-23 20:25:55;;21.1;11.1;3.7;84.3;94.3;32323284992;1960173568;609976320;4789411840;0.0;106561536;239033774080
2026-08-23 20:25:57;;32.0;27.4;13.0;57.5;94.3;32315654144;1967804416;609976320;4789411840;0.0;106561536;239033774080
2026-08-23 20:25:59;;31.3;14.7;10.4;73.7;94.1;32269713408;2013745152;609972224;4789415936;0.0;106561536;239033774080
2026-08-23 20:26:01;;33.9;12.7;4.1;82.5;94.1;32264196096;2019262464;609968128;4789420032;0.0;106561536;239033774080
2026-08-23 20:26:03;;35.8;23.9;11.6;62.3;94.1;32257359872;2026098688;609968128;4789420032;0.0;106561536;239033774080
2026-08-23 20:26:05;;45.7;18.0;10.4;70.4;94.3;32328323072;1955135488;609906688;4789481472;0.0;106561536;239033774080
2026-08-23 20:26:07;;36.4;20.8;10.2;66.6;94.3;32336084992;1947373568;609906688;4789481472;0.0;106561536;239033774080
2026-08-23 20:26:09;;40.1;21.7;6.0;71.0;94.7;32455839744;1827618816;609906688;4789481472;0.0;106561536;239033774080
2026-08-23 20:26:11;;26.1;18.0;6.6;74.2;94.6;32434421760;1849036800;609906688;4789481472;0.0;106561536;239033774080
2026-08-23 20:26:13;;27.6;19.3;6.4;73.0;94.5;32407257088;1876201472;609906688;4789481472;0.0;106561536;239033774080
2026-08-23 20:26:15;;21.6;13.6;6.8;78.4;94.5;32401002496;1882456064;609906688;4789481472;0.0;106565632;239033769984
2026-08-23 20:26:17;;19.1;28.0;15.2;54.4;94.4;32380194816;1903263744;609902592;4789485568;0.0;106565632;239033769984
2026-08-23 20:26:19;;48.8;14.6;12.6;70.5;94.4;32380198912;1903259648;609902592;4789485568;0.0;106565632;239033769984
2026-08-23 20:26:21;;26.5;14.4;11.5;70.1;94.4;32378523648;1904934912;609902592;4789485568;0.0;106565632;239033769984
2026-08-23 20:26:23;;18.3;12.5;7.2;79.5;94.5;32387330048;1896128512;609902592;4789485568;0.0;106565632;239033769984
2026-08-23 20:26:25;;33.9;14.9;9.9;72.9;94.4;32371130368;1912328192;609902592;4789485568;0.0;106565632;239033769984
2026-08-23 20:26:27;;21.5;15.1;7.7;75.6;94.4;32365240320;1918218240;609902592;4789485568;0.0;106565632;239033769984
2026-08-23 20:26:29;;15.3;7.9;3.1;88.0;94.3;32324976640;1958481920;609902592;4789485568;0.0;106565632;239033769984
2026-08-23 20:26:31;;27.7;16.3;5.7;77.2;94.4;32346587136;1936871424;609886208;4789501952;0.0;106565632;239033769984
2026-08-23 20:26:33;;25.2;25.9;8.9;63.2;94.3;32336216064;1947242496;609886208;4789501952;0.0;106565632;239033769984
2026-08-23 20:26:35;;28.5;14.1;4.8;80.4;94.2;32305688576;1977769984;609886208;4789501952;0.0;106565632;239033769984
2026-08-23 20:26:37;;20.1;18.4;8.6;72.6;94.3;32321925120;1961533440;609886208;4789501952;0.0;106565632;239033769984
2026-08-23 20:26:39;;23.6;19.7;7.6;71.6;94.4;32351031296;1932427264;609886208;4789501952;0.0;106565632;239033769984
2026-08-23 20:26:41;;26.7;22.1;10.1;65.8;94.4;32374403072;1909055488;609886208;4789501952;0.0;106565632;239033769984
2026-08-23 20:26:43;;34.0;17.0;7.1;75.0;94.5;32393469952;1889988608;609886208;4789501952;0.0;106565632;239033769984
2026-08-23 20:26:45;;24.1;27.1;13.9;56.7;94.5;32400580608;1882877952;609886208;4789501952;0.0;106565632;239033769984
2026-08-23 20:26:47;;46.6;18.6;12.1;67.0;94.6;32422187008;1861271552;609886208;4789501952;0.0;106565632;239033769984
2026-08-23 20:26:49;;40.0;20.7;8.7;67.6;94.6;32427806720;1855651840;609886208;4789501952;0.0;106565632;239033769984
2026-08-23 20:26:51;;25.6;15.1;6.5;76.8;94.6;32422236160;1861222400;609886208;4789501952;0.0;106565632;239033769984
2026-08-23 20:26:53;;23.6;21.3;6.9;70.4;94.5;32393027584;1890430976;609886208;4789501952;0.0;106565632;239033769984
2026-08-23 20:26:55;;20.6;18.2;8.1;72.7;94.5;32382259200;1901199360;609886208;4789501952;0.0;106565632;239033769984
2026-08-23 20:26:57;;36.1;15.1;8.4;75.5;94.5;32393658368;1889800192;609878016;4789510144;0.0;106565632;239033769984
2026-08-23 20:26:59;;20.1;14.4;5.0;79.6;94.5;32402837504;1880621056;609878016;4789510144;0.0;106565632;239033769984
2026-08-23 20:27:01;;28.9;20.7;10.3;67.7;94.5;32398585856;1884872704;609878016;4789510144;0.0;106565632;239033769984
2026-08-23 20:27:03;;23.3;16.5;7.9;74.5;94.5;32410951680;1872506880;609878016;4789510144;0.0;106565632;239033769984
2026-08-23 20:27:05;;22.2;19.4;9.3;69.4;94.7;32451371008;1832087552;609878016;4789510144;0.0;106565632;239033769984
2026-08-23 20:27:07;;21.0;14.2;6.6;78.2;94.7;32470220800;1813237760;609878016;4789510144;0.0;106565632;239033769984
2026-08-23 20:27:09;;23.8;17.9;8.1;72.3;94.9;32532328448;1751130112;609878016;4789510144;0.0;106565632;239033769984
2026-08-23 20:27:11;;20.4;21.4;8.3;68.7;94.9;32536592384;1746866176;609878016;4789510144;0.0;106565632;239033769984
2026-08-23 20:27:13;;31.0;18.3;15.8;62.9;94.9;32537247744;1746210816;609878016;4789510144;0.0;106565632;239033769984
2026-08-23 20:27:15;;29.7;24.7;18.8;52.8;94.9;32533073920;1750384640;609878016;4789510144;0.0;106565632;239033769984
2026-08-23 20:27:17;;59.5;8.4;8.5;80.6;94.9;32524013568;1759444992;609878016;4789510144;0.0;106565632;239033769984
2026-08-23 20:27:19;;12.7;18.4;15.9;62.0;94.8;32493674496;1789784064;609878016;4789510144;0.0;106565632;239033769984
2026-08-23 20:27:21;;38.5;11.3;4.4;83.7;94.7;32475475968;1807982592;609878016;4789510144;0.0;106565632;239033769984
2026-08-23 20:27:23;;21.6;15.0;12.4;70.0;94.7;32479563776;1803894784;609878016;4789510144;0.0;106565632;239033769984
2026-08-23 20:27:25;;19.3;9.5;5.1;85.1;94.7;32473477120;1809981440;609878016;4789510144;0.0;106569728;239033765888
2026-08-23 20:27:27;;23.3;7.4;5.9;86.2;94.7;32481640448;1801818112;609878016;4789510144;0.0;106569728;239033765888
2026-08-23 20:27:29;;15.0;7.4;6.0;86.4;94.9;32549625856;1733832704;609816576;4789571584;0.0;106569728;239033765888
2026-08-23 20:27:31;;26.2;8.6;5.3;85.7;94.9;32551870464;1731588096;609816576;4789571584;0.0;106569728;239033765888
2026-08-23 20:27:33;;23.7;11.6;8.0;79.2;94.9;32539758592;1743699968;609816576;4789571584;0.0;106569728;239033765888
2026-08-23 20:27:35;;30.7;21.2;8.0;69.9;93.8;32158830592;2124627968;609816576;4789571584;0.0;106569728;239033765888
2026-08-23 20:27:37;;25.3;13.3;3.2;82.8;93.8;32149581824;2133876736;609816576;4789571584;0.0;106569728;239033765888
2026-08-23 20:27:39;;14.2;16.0;7.7;76.0;93.7;32128196608;2155261952;609816576;4789571584;0.0;106569728;239033765888
2026-08-23 20:27:41;;30.7;23.2;18.7;55.6;93.8;32142180352;2141278208;609816576;4789571584;0.0;106569728;239033765888
2026-08-23 20:27:43;;34.1;25.0;11.9;60.5;93.9;32184811520;2098647040;609816576;4789571584;0.0;106569728;239033765888
2026-08-23 20:27:45;;29.0;9.9;7.2;79.6;93.9;32198320128;2085138432;609816576;4789571584;0.0;106569728;239033765888
2026-08-23 20:27:47;;18.3;15.4;8.4;74.1;94.0;32216104960;2067353600;609783808;4789604352;0.0;106569728;239033765888
2026-08-23 20:27:49;;10.7;12.9;11.1;74.1;94.0;32210808832;2072649728;609779712;4789608448;0.0;106569728;239033765888
2026-08-23 20:27:51;;16.3;7.0;5.4;87.2;94.0;32210604032;2072854528;609779712;4789608448;0.0;106569728;239033765888
2026-08-23 20:27:53;;19.8;9.7;5.2;83.4;93.9;32189124608;2094333952;609779712;4789608448;0.0;106569728;239033765888
2026-08-23 20:27:55;;28.9;13.5;10.3;75.0;93.9;32190922752;2092535808;609779712;4789608448;0.0;106569728;239033765888
2026-08-23 20:27:57;;19.2;9.4;3.5;85.9;93.9;32192712704;2090745856;609779712;4789608448;0.0;106569728;239033765888
2026-08-23 20:27:59;;27.8;19.6;5.2;74.2;93.8;32172879872;2110578688;609779712;4789608448;0.0;106569728;239033765888
2026-08-23 20:28:01;;30.7;18.0;12.6;67.4;93.7;32135692288;2147766272;609779712;4789608448;0.0;106569728;239033765888
2026-08-23 20:28:03;;17.6;10.5;6.9;82.3;93.7;32137662464;2145796096;609779712;4789608448;0.0;106569728;239033765888
2026-08-23 20:28:05;;21.6;23.7;12.2;61.9;93.7;32124477440;2158981120;609779712;4789608448;0.0;106569728;239033765888
2026-08-23 20:28:07;;30.1;23.2;7.8;67.3;93.8;32165838848;2117619712;609775616;4789612544;0.0;106569728;239033765888
2026-08-23 20:28:09;;48.9;17.6;7.1;74.6;93.8;32153612288;2129846272;609775616;4789612544;0.0;106569728;239033765888
2026-08-23 20:28:11;;26.8;19.9;9.0;69.6;93.8;32163409920;2120048640;609775616;4789612544;0.0;106569728;239033765888
2026-08-23 20:28:13;;37.6;10.3;12.3;74.8;93.8;32153026560;2130432000;609775616;4789612544;0.0;106569728;239033765888
2026-08-23 20:28:15;;16.5;9.4;5.3;84.0;93.8;32147021824;2136436736;609775616;4789612544;0.0;106569728;239033765888
2026-08-23 20:28:17;;38.7;15.7;5.2;78.1;93.8;32150237184;2133221376;609775616;4789612544;0.0;106569728;239033765888
2026-08-23 20:28:19;;13.0;9.4;5.5;83.8;93.8;32142282752;2141175808;609771520;4789616640;0.0;106569728;239033765888
2026-08-23 20:28:21;;12.6;4.9;5.6;88.9;93.8;32147005440;2136453120;609771520;4789616640;0.0;106569728;239033765888
2026-08-23 20:28:23;;22.8;19.1;19.6;57.1;93.8;32142340096;2141118464;609771520;4789616640;0.0;106569728;239033765888
2026-08-23 20:28:25;;28.6;12.1;4.0;82.9;93.7;32135831552;2147627008;609771520;4789616640;0.0;106569728;239033765888
2026-08-23 20:28:27;;35.4;20.9;15.2;60.3;93.7;32133578752;2149879808;609771520;4789616640;0.0;106569728;239033765888
2026-08-23 20:28:29;;17.6;10.1;3.9;85.6;93.9;32194605056;2088853504;609746944;4789641216;0.0;106569728;239033765888
2026-08-23 20:28:31;;31.8;20.5;22.1;55.6;94.0;32215252992;2068205568;609746944;4789641216;0.0;106569728;239033765888
2026-08-23 20:28:33;;27.6;15.2;9.0;74.6;94.1;32249516032;2033942528;609738752;4789649408;0.0;106569728;239033765888
2026-08-23 20:28:35;;48.5;35.6;18.5;42.7;94.4;32362180608;1921277952;609738752;4789649408;0.0;106573824;239033761792
2026-08-23 20:28:37;;36.2;29.4;15.5;52.5;94.7;32480288768;1803169792;609656832;4789731328;0.0;106573824;239033761792
2026-08-23 20:28:39;;33.6;24.8;18.6;53.8;94.8;32496181248;1787277312;609607680;4789780480;0.0;106573824;239033761792
2026-08-23 20:28:41;;45.2;15.8;14.6;65.2;94.9;32538583040;1744875520;609607680;4789780480;0.0;106573824;239033761792
2026-08-23 20:28:43;;38.5;15.6;12.5;68.0;94.9;32533155840;1750302720;609599488;4789788672;0.0;106573824;239033761792
2026-08-23 20:28:45;;30.8;12.7;10.2;74.8;95.0;32573857792;1709600768;609599488;4789788672;0.0;106573824;239033761792
2026-08-23 20:28:47;;21.3;13.5;12.8;71.7;95.0;32570535936;1712922624;609599488;4789788672;0.0;106573824;239033761792
2026-08-23 20:28:49;;27.4;19.9;16.0;62.3;95.0;32580030464;1703428096;609599488;4789788672;0.0;106573824;239033761792
2026-08-23 20:28:51;;12.8;13.0;9.1;77.8;94.9;32542093312;1741365248;609599488;4789788672;0.0;106573824;239033761792
2026-08-23 20:28:53;;35.2;18.9;8.1;71.7;94.9;32537387008;1746071552;609599488;4789788672;0.0;106573824;239033761792
2026-08-23 20:28:55;;31.0;18.6;14.9;63.7;94.8;32496001024;1787457536;609599488;4789788672;0.0;106573824;239033761792
2026-08-23 20:28:57;;35.6;11.7;10.5;75.7;94.8;32494764032;1788694528;609599488;4789788672;0.0;106573824;239033761792
2026-08-23 20:28:59;;25.1;23.8;17.6;56.4;94.7;32473612288;1809846272;609599488;4789788672;0.0;106573824;239033761792
2026-08-23 20:29:01;;49.3;22.6;6.5;70.6;94.3;32337747968;1945710592;609599488;4789788672;0.0;106573824;239033761792
2026-08-23 20:29:03;;56.4;24.1;18.1;54.8;94.2;32295677952;1987780608;609599488;4789788672;0.0;106573824;239033761792
2026-08-23 20:29:05;;44.1;23.3;12.3;62.7;93.6;32087863296;2195595264;609587200;4789800960;0.0;106573824;239033761792
2026-08-23 20:29:07;;39.9;24.6;10.0;63.9;93.6;32105054208;2178404352;609587200;4789800960;0.0;106573824;239033761792
2026-08-23 20:29:09;;30.9;18.6;16.6;61.4;93.7;32128200704;2155257856;609587200;4789800960;0.0;106573824;239033761792
2026-08-23 20:29:11;;32.5;16.6;8.9;70.4;93.8;32158715904;2124742656;609587200;4789800960;0.0;106573824;239033761792
2026-08-23 20:29:13;;36.8;7.8;3.8;87.8;93.8;32148496384;2134962176;609587200;4789800960;0.0;106573824;239033761792
2026-08-23 20:29:15;;15.8;19.4;8.7;70.1;93.7;32132382720;2151075840;609587200;4789800960;0.0;106573824;239033761792
2026-08-23 20:29:17;;35.0;18.2;5.7;75.3;93.8;32146567168;2136891392;609566720;4789821440;0.0;106573824;239033761792
2026-08-23 20:29:19;;18.8;12.4;4.1;82.9;93.7;32114114560;2169344000;609566720;4789821440;0.0;106573824;239033761792
2026-08-23 20:29:21;;10.8;13.4;5.9;79.3;93.7;32111394816;2172063744;609566720;4789821440;0.0;106573824;239033761792
2026-08-23 20:29:23;;27.1;10.1;4.4;85.0;93.7;32135090176;2148368384;609566720;4789821440;0.0;106573824;239033761792
2026-08-23 20:29:25;;19.6;22.3;12.3;62.6;93.8;32166461440;2116997120;609566720;4789821440;0.0;106573824;239033761792
2026-08-23 20:29:27;;35.3;15.2;10.1;72.8;93.9;32184987648;2098470912;609566720;4789821440;0.0;106573824;239033761792
2026-08-23 20:29:29;;37.5;21.7;8.5;68.4;94.0;32228446208;2055012352;609554432;4789833728;0.0;106573824;239033761792
2026-08-23 20:29:31;;24.6;20.8;8.2;69.2;94.1;32258019328;2025439232;609554432;4789833728;0.0;106573824;239033761792
2026-08-23 20:29:33;;40.7;19.4;12.7;65.2;94.1;32250302464;2033156096;609554432;4789833728;0.0;106573824;239033761792
2026-08-23 20:29:35;;35.6;18.4;6.7;73.7;94.0;32240336896;2043121664;609554432;4789833728;0.0;106573824;239033761792
2026-08-23 20:29:37;;31.7;24.2;15.8;57.2;94.0;32233725952;2049732608;609550336;4789837824;0.0;106573824;239033761792
2026-08-23 20:29:39;;23.8;19.9;9.8;67.6;94.0;32215617536;2067841024;609550336;4789837824;0.0;106573824;239033761792
2026-08-23 20:29:41;;13.5;6.1;2.5;90.8;94.0;32211832832;2071625728;609550336;4789837824;0.0;106573824;239033761792
2026-08-23 20:29:43;;23.3;14.8;7.7;75.7;94.0;32217350144;2066108416;609550336;4789837824;0.0;106573824;239033761792
2026-08-23 20:29:45;;26.3;8.9;2.3;88.3;93.9;32205168640;2078289920;609550336;4789837824;0.0;106577920;239033757696
2026-08-23 20:29:47;;22.3;19.2;11.4;67.7;94.0;32223440896;2060017664;609550336;4789837824;0.0;106577920;239033757696
2026-08-23 20:29:49;;17.0;10.7;7.3;80.9;94.1;32247361536;2036097024;609550336;4789837824;0.0;106577920;239033757696
2026-08-23 20:29:51;;13.7;19.0;6.2;74.0;94.0;32225931264;2057527296;609550336;4789837824;0.0;106577920;239033757696
2026-08-23 20:29:53;;47.0;21.5;12.7;63.2;94.1;32274305024;2009153536;609550336;4789837824;0.0;106577920;239033757696
2026-08-23 20:29:55;;34.2;16.3;9.9;71.5;94.3;32313065472;1970393088;609550336;4789837824;0.0;106577920;239033757696
2026-08-23 20:29:57;;35.3;14.4;7.2;77.1;94.3;32344735744;1938722816;609550336;4789837824;0.0;106577920;239033757696
2026-08-23 20:29:59;;16.6;13.5;6.2;78.9;94.4;32349679616;1933778944;609550336;4789837824;0.0;106577920;239033757696
2026-08-23 20:30:01;;36.2;27.6;11.4;58.2;94.4;32357937152;1925521408;609550336;4789837824;0.0;106577920;239033757696
2026-08-23 20:30:03;;69.0;28.5;21.2;47.1;94.2;32308715520;1974743040;609550336;4789837824;0.0;106577920;239033757696
2026-08-23 20:30:05;;33.1;16.1;13.4;68.5;94.2;32300724224;1982734336;609550336;4789837824;0.0;106577920;239033757696
2026-08-23 20:30:07;;38.8;20.9;10.4;65.5;94.4;32378535936;1904922624;609550336;4789837824;0.0;106577920;239033757696
2026-08-23 20:30:09;;29.9;14.4;7.5;77.6;94.5;32394149888;1889308672;609550336;4789837824;0.0;106577920;239033757696
2026-08-23 20:30:11;;21.9;13.3;4.9;80.8;94.4;32369373184;1914085376;609550336;4789837824;0.0;106577920;239033757696
2026-08-23 20:30:13;;12.1;14.2;5.2;79.8;94.4;32370479104;1912979456;609550336;4789837824;0.0;106577920;239033757696
2026-08-23 20:30:15;;18.1;19.2;10.4;68.1;93.9;32208728064;2074730496;609550336;4789837824;0.0;106577920;239033757696
2026-08-23 20:30:17;;22.0;17.9;12.7;66.8;93.9;32193163264;2090295296;609550336;4789837824;0.0;106577920;239033757696
2026-08-23 20:30:19;;33.5;31.8;15.5;50.9;93.8;32158830592;2124627968;609550336;4789837824;0.0;106577920;239033757696
2026-08-23 20:30:21;;31.3;17.5;8.8;72.8;94.3;32321445888;1962012672;609550336;4789837824;0.0;106577920;239033757696
2026-08-23 20:30:23;;23.3;23.0;11.4;64.3;94.0;32234213376;2049245184;609550336;4789837824;0.0;106577920;239033757696
2026-08-23 20:30:25;;30.1;18.3;9.7;69.8;93.9;32182243328;2101215232;609550336;4789837824;0.0;106577920;239033757696
2026-08-23 20:30:27;;43.1;11.3;6.7;81.4;93.7;32118726656;2164731904;609550336;4789837824;0.0;106577920;239033757696
2026-08-23 20:30:29;;14.5;15.2;8.1;75.8;93.7;32126111744;2157346816;609550336;4789837824;0.0;106577920;239033757696
2026-08-23 20:30:31;;23.3;22.9;6.1;69.3;93.9;32185974784;2097483776;609546240;4789841920;0.0;106577920;239033757696
2026-08-23 20:30:33;;33.6;16.2;13.0;68.8;93.9;32206565376;2076893184;609546240;4789841920;0.0;106577920;239033757696
2026-08-23 20:30:35;;37.5;16.9;11.2;67.9;93.8;32159379456;2124079104;609546240;4789841920;0.0;106577920;239033757696
2026-08-23 20:30:37;;24.9;18.6;6.7;73.7;93.9;32180383744;2103074816;609546240;4789841920;0.0;106577920;239033757696
2026-08-23 20:30:39;;16.8;15.1;8.6;75.2;93.9;32186839040;2096619520;609546240;4789841920;0.0;106577920;239033757696
2026-08-23 20:30:41;;25.7;15.9;9.5;73.6;93.9;32197054464;2086404096;609546240;4789841920;0.0;106577920;239033757696
2026-08-23 20:30:43;;29.5;9.3;4.0;85.9;93.9;32190504960;2092953600;609546240;4789841920;0.0;106577920;239033757696
2026-08-23 20:30:45;;9.6;23.7;7.8;67.0;93.9;32196591616;2086866944;609546240;4789841920;0.0;106577920;239033757696
2026-08-23 20:30:47;;41.7;15.9;10.1;72.3;93.8;32163790848;2119667712;609546240;4789841920;0.0;106577920;239033757696
2026-08-23 20:30:49;;48.4;15.4;7.6;76.4;93.8;32165146624;2118311936;609546240;4789841920;0.0;106577920;239033757696
2026-08-23 20:30:51;;19.0;21.7;10.7;64.8;93.8;32172716032;2110742528;609546240;4789841920;0.0;106577920;239033757696
2026-08-23 20:30:53;;34.9;23.6;11.3;63.7;93.9;32179150848;2104307712;609472512;4789915648;0.0;106577920;239033757696
2026-08-23 20:30:55;;48.0;15.6;7.3;75.5;93.9;32181587968;2101870592;609472512;4789915648;0.0;106582016;239033753600
2026-08-23 20:30:57;;43.5;30.0;22.3;43.4;93.9;32197349376;2086109184;609456128;4789932032;0.0;106582016;239033753600
2026-08-23 20:30:59;;46.7;23.2;17.6;55.1;93.9;32199049216;2084409344;609452032;4789936128;0.0;106582016;239033753600
2026-08-23 20:31:01;;38.0;27.1;13.3;56.9;93.9;32205262848;2078195712;609452032;4789936128;0.0;106582016;239033753600
2026-08-23 20:31:03;;30.2;16.8;17.3;60.9;93.9;32206172160;2077286400;609452032;4789936128;0.0;106582016;239033753600
2026-08-23 20:31:05;;33.6;14.6;7.9;75.4;93.9;32180064256;2103394304;609452032;4789936128;0.0;106582016;239033753600
2026-08-23 20:31:07;;18.5;8.8;3.9;86.8;93.9;32190263296;2093195264;609452032;4789936128;0.0;106582016;239033753600
2026-08-23 20:31:09;;12.7;17.9;3.7;77.4;93.9;32209133568;2074324992;609452032;4789936128;0.0;106582016;239033753600
2026-08-23 20:31:11;;21.8;12.0;7.9;78.4;94.0;32210747392;2072711168;609452032;4789936128;0.0;106582016;239033753600
2026-08-23 20:31:13;;21.5;7.9;3.2;88.6;93.9;32203882496;2079576064;609452032;4789936128;0.0;106582016;239033753600
2026-08-23 20:31:15;;28.2;23.9;13.5;61.2;94.0;32212312064;2071146496;609452032;4789936128;0.0;106582016;239033753600
2026-08-23 20:31:17;;30.4;12.5;9.5;75.7;93.9;32208711680;2074746880;609452032;4789936128;0.0;106582016;239033753600
2026-08-23 20:31:19;;53.9;11.8;6.7;80.0;93.9;32175063040;2108395520;609452032;4789936128;0.0;106582016;239033753600
2026-08-23 20:31:21;;36.6;17.1;21.2;57.6;93.8;32157982720;2125475840;609452032;4789936128;0.0;106582016;239033753600
2026-08-23 20:31:23;;40.8;12.3;4.2;83.1;93.7;32139632640;2143825920;609452032;4789936128;0.0;106582016;239033753600
2026-08-23 20:31:25;;37.5;15.5;5.6;77.4;93.8;32155996160;2127462400;609452032;4789936128;0.0;106582016;239033753600
2026-08-23 20:31:27;;24.0;12.3;4.9;82.2;93.7;32129060864;2154397696;609452032;4789936128;0.0;106582016;239033753600
2026-08-23 20:31:29;;29.0;23.0;10.3;65.4;93.7;32116371456;2167087104;609419264;4789968896;0.0;106582016;239033753600
2026-08-23 20:31:31;;36.5;18.2;15.5;62.5;93.5;32057999360;2225459200;609419264;4789968896;0.0;106582016;239033753600
2026-08-23 20:31:33;;17.0;11.8;7.3;78.1;93.5;32059207680;2224250880;609419264;4789968896;0.0;106582016;239033753600
2026-08-23 20:31:35;;28.2;21.5;9.7;67.7;93.6;32083300352;2200158208;609419264;4789968896;0.0;106582016;239033753600
2026-08-23 20:31:37;;12.2;8.0;4.9;86.5;93.6;32076591104;2206867456;609062912;4790325248;0.0;106582016;239033753600
2026-08-23 20:31:39;;13.4;27.9;12.6;56.5;93.6;32073891840;2209566720;609062912;4790325248;0.0;106582016;239033753600
2026-08-23 20:31:41;;20.3;16.9;5.3;77.1;93.6;32084377600;2199080960;609054720;4790333440;0.0;106582016;239033753600
2026-08-23 20:31:43;;32.2;15.1;6.1;77.9;93.5;32041426944;2242031616;609054720;4790333440;0.0;106582016;239033753600
2026-08-23 20:31:45;;22.0;9.3;9.2;79.6;93.4;32029614080;2253844480;609054720;4790333440;0.0;106582016;239033753600
2026-08-23 20:31:47;;25.2;8.8;4.8;85.9;93.4;32020979712;2262478848;609054720;4790333440;0.0;106582016;239033753600
2026-08-23 20:31:49;;19.2;13.9;4.9;80.3;93.4;32023801856;2259656704;609054720;4790333440;0.0;106582016;239033753600
2026-08-23 20:31:51;;31.6;24.7;11.8;61.8;93.4;32032321536;2251137024;609054720;4790333440;0.0;106582016;239033753600
2026-08-23 20:31:53;;23.0;22.8;16.3;58.7;93.4;32033796096;2249662464;609054720;4790333440;0.0;106582016;239033753600
2026-08-23 20:31:55;;32.7;18.4;14.5;63.7;93.4;32003842048;2279616512;609054720;4790333440;0.0;106582016;239033753600
2026-08-23 20:31:57;;29.4;20.3;20.0;55.2;93.3;31995215872;2288242688;609054720;4790333440;0.0;106582016;239033753600
2026-08-23 20:31:59;;52.6;27.6;21.2;48.0;93.4;32006922240;2276536320;609054720;4790333440;0.0;106582016;239033753600
2026-08-23 20:32:01;;21.6;14.5;7.7;74.7;93.4;32013344768;2270113792;609054720;4790333440;0.0;106582016;239033753600
2026-08-23 20:32:03;;20.3;14.0;5.0;80.3;93.3;31997042688;2286415872;609054720;4790333440;0.0;106582016;239033753600
2026-08-23 20:32:05;;35.7;17.5;8.2;72.9;93.4;32017428480;2266030080;609042432;4790345728;0.0;106586112;239033749504
2026-08-23 20:32:07;;36.1;17.0;7.5;74.6;93.4;32020434944;2263023616;609042432;4790345728;0.0;106586112;239033749504
2026-08-23 20:32:09;;14.1;5.6;3.8;90.0;93.4;32028844032;2254614528;609042432;4790345728;0.0;106586112;239033749504
2026-08-23 20:32:11;;26.6;15.5;5.6;78.5;93.4;32033574912;2249883648;609042432;4790345728;0.0;106586112;239033749504
2026-08-23 20:32:13;;37.5;24.1;12.3;62.1;93.5;32063827968;2219630592;609042432;4790345728;0.0;106586112;239033749504
2026-08-23 20:32:15;;31.2;20.7;12.6;64.4;93.5;32057720832;2225737728;609042432;4790345728;0.0;106586112;239033749504
2026-08-23 20:32:17;;41.1;18.7;13.6;65.5;93.5;32060788736;2222669824;609042432;4790345728;0.0;106586112;239033749504
2026-08-23 20:32:19;;39.0;21.4;6.3;71.4;93.5;32060207104;2223251456;609042432;4790345728;0.0;106586112;239033749504
2026-08-23 20:32:21;;37.1;21.2;7.8;69.6;93.6;32086761472;2196697088;609042432;4790345728;0.0;106586112;239033749504
2026-08-23 20:32:23;;38.3;23.6;15.4;58.7;93.8;32146796544;2136662016;609042432;4790345728;0.0;106586112;239033749504
2026-08-23 20:32:25;;40.8;23.8;17.6;55.3;93.9;32185348096;2098110464;609042432;4790345728;0.0;106586112;239033749504
2026-08-23 20:32:27;;47.3;24.6;16.2;55.5;94.0;32221843456;2061615104;609042432;4790345728;0.0;106586112;239033749504
2026-08-23 20:32:29;;31.5;8.7;6.8;81.5;94.1;32260628480;2022830080;609042432;4790345728;0.0;106586112;239033749504
2026-08-23 20:32:31;;14.5;11.0;5.8;82.4;94.2;32279461888;2003996672;609042432;4790345728;0.0;106586112;239033749504
2026-08-23 20:32:33;;19.6;19.2;6.6;73.2;94.3;32319283200;1964175360;609042432;4790345728;0.0;106586112;239033749504
2026-08-23 20:32:35;;22.7;13.0;5.0;80.8;94.3;32344776704;1938681856;609042432;4790345728;0.0;106586112;239033749504
2026-08-23 20:32:37;;25.2;12.2;7.7;79.1;94.4;32347058176;1936400384;609042432;4790345728;0.0;106586112;239033749504
2026-08-23 20:32:39;;25.1;20.1;6.6;72.3;94.4;32364105728;1919352832;609042432;4790345728;0.0;106586112;239033749504
2026-08-23 20:32:41;;35.0;18.3;8.9;71.8;94.4;32368463872;1914994688;609042432;4790345728;0.0;106586112;239033749504
2026-08-23 20:32:43;;26.3;23.9;10.8;63.3;94.4;32369733632;1913724928;609042432;4790345728;0.0;106586112;239033749504
2026-08-23 20:32:45;;43.7;20.5;11.7;66.3;94.4;32364265472;1919193088;609042432;4790345728;0.0;106586112;239033749504
2026-08-23 20:32:47;;46.6;21.1;14.1;62.3;93.9;32180285440;2103173120;609042432;4790345728;0.0;106586112;239033749504
2026-08-23 20:32:49;;43.9;31.2;17.2;47.7;93.8;32162820096;2120638464;609042432;4790345728;0.0;106586112;239033749504
2026-08-23 20:32:51;;39.0;13.6;4.0;82.0;93.8;32164405248;2119053312;609042432;4790345728;0.0;106586112;239033749504
2026-08-23 20:32:53;;48.3;24.0;15.9;56.1;93.9;32202420224;2081038336;609042432;4790345728;0.0;106586112;239033749504
2026-08-23 20:32:55;;38.0;20.0;13.0;64.8;94.0;32224292864;2059165696;609042432;4790345728;0.0;106586112;239033749504
2026-08-23 20:32:57;;47.9;6.5;4.7;86.5;94.0;32237690880;2045767680;609042432;4790345728;0.0;106586112;239033749504
2026-08-23 20:32:59;;27.4;11.2;3.5;84.3;94.0;32233259008;2050199552;609042432;4790345728;0.0;106586112;239033749504
2026-08-23 20:33:01;;23.1;12.3;6.6;79.8;94.0;32233578496;2049880064;609042432;4790345728;0.0;106586112;239033749504
2026-08-23 20:33:03;;14.6;19.6;9.1;69.9;94.0;32240549888;2042908672;609042432;4790345728;0.0;106586112;239033749504
2026-08-23 20:33:05;;18.6;25.4;17.2;55.4;94.0;32237649920;2045808640;609042432;4790345728;0.0;106586112;239033749504
2026-08-23 20:33:07;;28.4;8.9;5.8;84.4;94.0;32228855808;2054602752;609042432;4790345728;0.0;106586112;239033749504
2026-08-23 20:33:09;;23.8;16.1;8.8;74.0;94.1;32261386240;2022072320;609042432;4790345728;0.0;106586112;239033749504
2026-08-23 20:33:11;;34.0;13.5;7.8;77.1;94.1;32263639040;2019819520;609042432;4790345728;0.0;106586112;239033749504
2026-08-23 20:33:13;;16.8;20.0;7.7;71.4;93.8;32174321664;2109136896;609042432;4790345728;0.0;106586112;239033749504
2026-08-23 20:33:15;;32.7;14.4;6.8;77.3;94.0;32239001600;2044456960;609042432;4790345728;0.0;106590208;239033745408
2026-08-23 20:33:17;;21.7;10.2;2.8;86.4;94.1;32258101248;2025357312;609042432;4790345728;0.0;106590208;239033745408
2026-08-23 20:33:19;;21.0;18.6;5.7;74.8;94.1;32255262720;2028195840;609042432;4790345728;0.0;106590208;239033745408
2026-08-23 20:33:21;;22.8;23.9;8.0;66.8;94.1;32251092992;2032365568;609042432;4790345728;0.0;106590208;239033745408
2026-08-23 20:33:23;;33.4;13.6;11.9;71.1;94.1;32246931456;2036527104;609042432;4790345728;0.0;106590208;239033745408
2026-08-23 20:33:25;;28.8;20.2;13.5;62.5;94.0;32232321024;2051137536;609042432;4790345728;0.0;106590208;239033745408
2026-08-23 20:33:27;;32.6;14.3;7.4;77.5;94.0;32236306432;2047152128;609042432;4790345728;0.0;106590208;239033745408
2026-08-23 20:33:29;;18.8;22.6;10.8;64.2;94.0;32243425280;2040033280;609042432;4790345728;0.0;106590208;239033745408
2026-08-23 20:33:31;;28.9;7.9;3.5;88.0;94.0;32217403392;2066055168;609042432;4790345728;0.0;106590208;239033745408
2026-08-23 20:33:33;;16.3;12.7;9.0;76.3;94.0;32223686656;2059771904;609042432;4790345728;0.0;106590208;239033745408
2026-08-23 20:33:35;;32.5;13.8;9.7;75.5;93.9;32202702848;2080755712;609042432;4790345728;0.0;106590208;239033745408
2026-08-23 20:33:37;;14.9;18.6;8.0;72.1;93.8;32174682112;2108776448;609026048;4790362112;0.0;106590208;239033745408
2026-08-23 20:33:39;;29.3;11.5;5.9;81.6;93.8;32158887936;2124570624;609026048;4790362112;0.0;106590208;239033745408
2026-08-23 20:33:41;;18.5;18.5;4.5;76.1;93.8;32156876800;2126581760;609026048;4790362112;0.0;106590208;239033745408
2026-08-23 20:33:43;;28.1;19.6;9.1;69.8;93.8;32165777408;2117681152;609026048;4790362112;0.0;106590208;239033745408
2026-08-23 20:33:45;;23.0;16.2;8.9;72.6;93.8;32163565568;2119892992;609021952;4790366208;0.0;106590208;239033745408
2026-08-23 20:33:47;;33.5;14.0;5.9;78.9;93.8;32167809024;2115649536;609021952;4790366208;0.0;106590208;239033745408
2026-08-23 20:33:49;;30.6;20.2;12.2;66.7;93.9;32180125696;2103332864;609021952;4790366208;0.0;106590208;239033745408
2026-08-23 20:33:51;;45.2;25.5;21.2;48.5;93.7;32130260992;2153197568;609021952;4790366208;0.0;106590208;239033745408
2026-08-23 20:33:53;;46.5;17.2;13.6;64.9;93.7;32136667136;2146791424;609021952;4790366208;0.0;106590208;239033745408
2026-08-23 20:33:55;;27.1;13.9;8.2;76.8;93.8;32142049280;2141409280;609021952;4790366208;0.0;106590208;239033745408
2026-08-23 20:33:57;;21.9;17.1;11.4;68.8;93.8;32167825408;2115633152;609021952;4790366208;0.0;106590208;239033745408
2026-08-23 20:33:59;;28.2;9.1;6.1;83.8;93.9;32201277440;2082181120;609021952;4790366208;0.0;106590208;239033745408
2026-08-23 20:34:01;;12.9;20.2;6.3;72.4;94.0;32235139072;2048319488;609021952;4790366208;0.0;106590208;239033745408
2026-08-23 20:34:03;;12.8;14.1;6.7;77.8;94.0;32212373504;2071085056;609021952;4790366208;0.0;106590208;239033745408
2026-08-23 20:34:05;;13.8;13.0;8.1;78.0;93.9;32203935744;2079522816;609021952;4790366208;0.0;106590208;239033745408
2026-08-23 20:34:07;;21.0;12.8;5.0;81.4;94.0;32212709376;2070749184;609021952;4790366208;0.0;106590208;239033745408
2026-08-23 20:34:09;;50.5;14.8;6.4;77.4;94.2;32295649280;1987809280;609021952;4790366208;0.0;106590208;239033745408
2026-08-23 20:34:11;;23.6;15.7;3.2;80.7;94.1;32262107136;2021351424;609021952;4790366208;0.0;106590208;239033745408
2026-08-23 20:34:13;;17.2;25.9;9.9;62.0;94.1;32263610368;2019848192;609021952;4790366208;0.0;106590208;239033745408
2026-08-23 20:34:15;;40.8;21.2;11.3;66.1;94.1;32244428800;2039029760;609021952;4790366208;0.0;106590208;239033745408
2026-08-23 20:34:17;;29.5;14.1;4.5;80.0;93.9;32187015168;2096443392;609021952;4790366208;0.0;106590208;239033745408
2026-08-23 20:34:19;;35.3;18.0;7.5;73.5;93.8;32170340352;2113118208;609021952;4790366208;0.0;106590208;239033745408
2026-08-23 20:34:21;;42.4;15.9;12.8;68.4;93.8;32172679168;2110779392;609017856;4790370304;0.0;106590208;239033745408
2026-08-23 20:34:23;;18.1;6.2;5.7;85.6;93.8;32159457280;2124001280;609017856;4790370304;0.0;106590208;239033745408
2026-08-23 20:34:25;;12.9;20.3;9.0;70.3;93.9;32194035712;2089422848;609009664;4790378496;0.0;106594304;239033741312
2026-08-23 20:34:27;;21.8;7.5;3.5;88.5;93.9;32192212992;2091245568;609001472;4790386688;0.0;106594304;239033741312
2026-08-23 20:34:29;;18.0;21.5;15.5;60.7;93.8;32166117376;2117341184;609001472;4790386688;0.0;106594304;239033741312
2026-08-23 20:34:31;;27.6;21.9;8.2;68.2;93.8;32160423936;2123034624;609001472;4790386688;0.0;106594304;239033741312
2026-08-23 20:34:33;;33.1;13.2;3.6;82.9;93.9;32191193088;2092265472;609001472;4790386688;0.0;106594304;239033741312
2026-08-23 20:34:35;;21.4;18.1;8.7;71.6;93.9;32185794560;2097664000;609001472;4790386688;0.0;106594304;239033741312
2026-08-23 20:34:37;;28.2;11.9;4.8;82.5;93.9;32189173760;2094284800;609001472;4790386688;0.0;106594304;239033741312
2026-08-23 20:34:39;;31.3;17.1;6.8;74.2;93.9;32197615616;2085842944;609001472;4790386688;0.0;106594304;239033741312
2026-08-23 20:34:41;;38.2;15.5;10.4;72.5;93.9;32206688256;2076770304;608993280;4790394880;0.0;106594304;239033741312
2026-08-23 20:34:43;;29.1;35.5;20.7;40.1;94.2;32286695424;1996763136;608976896;4790411264;0.0;106594304;239033741312
2026-08-23 20:34:45;;26.1;28.3;15.0;53.4;94.2;32292257792;1991200768;608976896;4790411264;0.0;106594304;239033741312
2026-08-23 20:34:47;;44.5;24.1;11.0;62.2;94.2;32296345600;1987112960;608972800;4790415360;0.0;106594304;239033741312
2026-08-23 20:34:49;;44.9;21.5;17.0;57.7;94.2;32298663936;1984794624;608972800;4790415360;0.0;106594304;239033741312
2026-08-23 20:34:51;;53.0;24.2;18.0;51.8;94.4;32362692608;1920765952;608972800;4790415360;0.0;106594304;239033741312
2026-08-23 20:34:53;;38.9;6.6;9.4;83.0;94.3;32335544320;1947914240;608956416;4790431744;0.0;106594304;239033741312
2026-08-23 20:34:55;;47.0;31.7;17.0;48.7;93.7;32110518272;2172940288;608956416;4790431744;0.0;106594304;239033741312
2026-08-23 20:34:57;;32.8;13.5;12.4;72.2;93.6;32105635840;2177822720;608952320;4790435840;0.0;106594304;239033741312
2026-08-23 20:34:59;;21.1;18.7;13.8;66.6;93.5;32045084672;2238373888;608952320;4790435840;0.0;106594304;239033741312
2026-08-23 20:35:01;;28.2;14.3;12.7;70.3;93.4;32036139008;2247319552;608952320;4790435840;0.0;106594304;239033741312
2026-08-23 20:35:03;;44.3;18.5;7.8;72.4;93.5;32054861824;2228596736;608952320;4790435840;0.0;106594304;239033741312
2026-08-23 20:35:05;;43.9;15.7;12.9;69.4;93.7;32125693952;2157764608;608927744;4790460416;0.0;106594304;239033741312
2026-08-23 20:35:07;;33.1;16.7;11.1;70.2;93.7;32109912064;2173546496;608927744;4790460416;0.0;106594304;239033741312
2026-08-23 20:35:09;;29.5;12.7;8.5;78.0;93.7;32124735488;2158723072;608927744;4790460416;0.0;106594304;239033741312
2026-08-23 20:35:11;;30.8;13.0;8.1;77.7;93.7;32128704512;2154754048;608927744;4790460416;0.0;106594304;239033741312
2026-08-23 20:35:13;;37.0;9.5;5.7;83.8;93.6;32095051776;2188406784;608927744;4790460416;0.0;106594304;239033741312
2026-08-23 20:35:15;;17.7;10.8;7.4;80.2;93.6;32086355968;2197102592;608927744;4790460416;0.0;106594304;239033741312
2026-08-23 20:35:17;;26.8;11.3;12.1;73.7;93.6;32083877888;2199580672;608923648;4790464512;0.0;106594304;239033741312
2026-08-23 20:35:19;;19.5;11.8;15.3;67.5;93.1;31909625856;2373832704;608923648;4790464512;0.0;106594304;239033741312
2026-08-23 20:35:21;;40.4;10.5;9.5;78.2;93.1;31906873344;2376585216;608923648;4790464512;0.0;106594304;239033741312
2026-08-23 20:35:23;;19.7;8.7;9.3;80.3;93.0;31897542656;2385915904;608923648;4790464512;0.0;106594304;239033741312
2026-08-23 20:35:25;;51.8;8.9;10.7;78.4;93.0;31890219008;2393239552;608923648;4790464512;0.0;106594304;239033741312
2026-08-23 20:35:27;;15.6;9.4;7.2;82.2;93.0;31889141760;2394316800;608923648;4790464512;0.0;106594304;239033741312
2026-08-23 20:35:29;;33.2;12.7;10.0;75.9;93.1;31915782144;2367676416;608923648;4790464512;0.0;106594304;239033741312
2026-08-23 20:35:31;;33.7;17.7;14.3;65.1;93.1;31932194816;2351263744;608923648;4790464512;0.0;106594304;239033741312
2026-08-23 20:35:33;;34.7;15.8;11.8;70.1;93.3;31991033856;2292424704;608919552;4790468608;0.0;106594304;239033741312
2026-08-23 20:35:35;;45.2;18.4;12.5;65.8;93.3;31996428288;2287030272;608919552;4790468608;0.0;106598400;239033737216
2026-08-23 20:35:37;;35.2;10.4;4.6;83.9;93.2;31961419776;2322038784;608911360;4790476800;0.0;106598400;239033737216
2026-08-23 20:35:39;;15.4;10.5;6.1;82.9;93.2;31937970176;2345488384;608911360;4790476800;0.0;106598400;239033737216
2026-08-23 20:35:41;;25.0;12.8;6.7;79.5;93.2;31940059136;2343399424;608911360;4790476800;0.0;106598400;239033737216
2026-08-23 20:35:43;;15.7;15.0;4.1;80.2;93.3;31984238592;2299219968;608911360;4790476800;0.0;106598400;239033737216
2026-08-23 20:35:45;;33.4;9.7;10.1;78.0;93.3;31983407104;2300051456;608907264;4790480896;0.0;106598400;239033737216
2026-08-23 20:35:47;;35.0;9.4;4.8;83.2;93.3;31975682048;2307776512;608899072;4790489088;0.0;106598400;239033737216
2026-08-23 20:35:49;;24.1;5.1;2.3;92.2;93.3;31972253696;2311204864;608899072;4790489088;0.0;106598400;239033737216
2026-08-23 20:35:51;;34.2;16.2;11.7;69.8;93.3;31985819648;2297638912;608894976;4790493184;0.0;106598400;239033737216
2026-08-23 20:35:53;;41.0;11.8;5.6;81.9;93.4;32007856128;2275602432;608894976;4790493184;0.0;106598400;239033737216
2026-08-23 20:35:55;;27.3;7.4;3.5;88.6;93.3;31981977600;2301480960;608890880;4790497280;0.0;106598400;239033737216
2026-08-23 20:35:57;;26.7;17.8;7.1;74.1;93.3;31986085888;2297372672;608890880;4790497280;0.0;106598400;239033737216
2026-08-23 20:35:59;;15.5;3.9;3.5;92.1;93.3;31969554432;2313904128;608890880;4790497280;0.0;106598400;239033737216
2026-08-23 20:36:01;;36.3;17.8;12.3;67.9;93.3;32003457024;2280001536;608890880;4790497280;0.0;106598400;239033737216
2026-08-23 20:36:03;;13.4;7.8;1.9;89.9;93.3;31998230528;2285228032;608890880;4790497280;0.0;106598400;239033737216
2026-08-23 20:36:05;;38.3;23.4;19.2;53.4;93.7;32123297792;2160160768;568504320;4830883840;0.0;106598400;239033737216
2026-08-23 20:36:07;;35.2;14.5;12.4;70.2;93.8;32164528128;2118930432;568504320;4830883840;0.0;106598400;239033737216
2026-08-23 20:36:09;;28.7;16.9;10.4;71.1;93.8;32165621760;2117836800;568496128;4830892032;0.0;106598400;239033737216
2026-08-23 20:36:11;;32.9;23.3;14.6;59.7;93.9;32175239168;2108219392;568496128;4830892032;0.0;106598400;239033737216
