TIMESTAMP;USUARIO;CPU_PERCENT;CPU_USER_PERCENT;CPU_SYSTEM_PERCENT;CPU_IDLE_PERCENT;RAM_PERCENT;RAM_USADA;RAM_LIVRE;RAM_ATIVA;SWAP_USADA;SWAP_LIVRE;DISCO_PERCENT;DISCO_USADO;DISCO_LIVRE
2026-08-23 10:26:12;mimiomia;1.2;0.9;0.3;98.8;63.7;3515465728;1298788352;1877843968;1493835776;4793421824;72.8;13938438144;5203136512
2026-08-23 10:26:23;mimiomia;1.3;1.3;0.2;98.5;63.7;3519434752;1294716928;1879314432;1493835776;4793421824;72.8;13938438144;5203136512
2026-08-23 10:26:34;mimiomia;1.0;1.4;0.3;98.3;64.4;3563053056;1250537472;1925414912;1493835776;4793421824;72.8;13938438144;5203136512
2026-08-23 10:26:45;mimiomia;2.6;1.3;0.3;98.4;65.2;3607412736;1192325120;1950208000;1493270528;4793987072;72.8;13938438144;5203136512
2026-08-23 10:26:56;mimiomia;2.5;1.9;0.4;97.4;64.6;3568934912;1228201984;1936244736;1492033536;4795224064;72.8;13938438144;5203136512
2026-08-23 10:27:07;mimiomia;5.3;3.0;0.7;95.8;64.7;3563728896;1211142144;1954058240;1491771392;4795486208;72.8;13938438144;5203136512
2026-08-23 10:27:18;mimiomia;2.6;2.6;0.7;96.3;64.6;3554648064;1213353984;1962639360;1491771392;4795486208;72.8;13938438144;5203136512
2026-08-23 10:27:29;mimiomia;2.6;2.6;0.6;96.5;66.1;3644915712;1065562112;2056441856;1490984960;4796272640;72.8;13938438144;5203136512
2026-08-23 10:27:40;mimiomia;2.8;2.4;0.4;97.1;65.4;3604004864;1109065728;2054627328;1490984960;4796272640;72.8;13938438144;5203136512
2026-08-23 10:27:51;mimiomia;1.3;2.0;0.4;97.6;65.4;3605307392;1112047616;2048163840;1490984960;4796272640;72.8;13938438144;5203136512
2026-08-23 10:28:02;mimiomia;1.4;1.3;0.2;98.5;65.1;3599441920;1126481920;2034036736;1490984960;4796272640;72.8;13938438144;5203136512
2026-08-23 10:28:13;mimiomia;2.6;1.7;0.4;97.8;64.2;3547320320;1179832320;1974620160;1490984960;4796272640;72.8;13938438144;5203136512
2026-08-23 10:28:24;mimiomia;6.0;2.9;0.6;96.3;65.0;3587895296;1131352064;2018336768;1490722816;4796534784;72.8;13938438144;5203136512
2026-08-23 10:28:35;mimiomia;3.7;1.9;0.5;97.4;65.9;3636482048;1081663488;2056925184;1490722816;4796534784;72.8;13938438144;5203136512
2026-08-23 10:28:46;mimiomia;1.7;1.8;0.5;97.6;66.0;3644538880;1072693248;2073034752;1490460672;4796796928;72.8;13938438144;5203136512
2026-08-23 10:28:57;mimiomia;3.0;3.0;0.8;95.9;69.2;3794296832;864169984;2248601600;1489149952;4798107648;72.8;13938438144;5203136512
2026-08-23 10:29:08;mimiomia;3.1;1.8;0.3;97.7;68.3;3738537984;919363584;2214969344;1488887808;4798369792;72.8;13938438144;5203136512
2026-08-23 10:29:19;mimiomia;1.6;1.6;0.3;98.0;67.4;3695026176;972771328;2160984064;1488625664;4798631936;72.8;13938438144;5203136512
2026-08-23 10:29:30;mimiomia;2.3;1.7;0.4;97.7;67.0;3656986624;997134336;2099326976;1488625664;4798631936;72.8;13938438144;5203136512
2026-08-23 10:29:41;mimiomia;0.1;0.2;0.1;99.7;66.8;3650768896;1008365568;2118164480;1488625664;4798631936;72.8;13938438144;5203136512
2026-08-23 10:29:52;mimiomia;0.4;0.2;0.1;99.7;67.2;3672084480;986734592;2137313280;1488625664;4798631936;72.8;13938438144;5203136512
2026-08-23 10:30:03;mimiomia;0.5;0.4;0.1;99.5;66.7;3643904000;1016524800;2118750208;1488625664;4798631936;72.8;13938442240;5203132416
2026-08-23 10:30:14;mimiomia;0.1;0.2;0.1;99.5;66.8;3650740224;1009094656;2150940672;1487052800;4800204800;72.8;13938442240;5203132416
2026-08-23 10:30:25;mimiomia;4.9;0.8;0.3;98.8;69.4;3789082624;825311232;2251710464;1484955648;4802301952;72.8;13938442240;5203132416
2026-08-23 10:30:36;mimiomia;3.4;4.0;0.9;94.9;77.8;4280573952;294834176;2796007424;1483890688;4803366912;72.8;13938442240;5203132416
2026-08-23 10:30:47;mimiomia;1.4;1.2;0.3;98.5;76.9;4226359296;345288704;2741575680;1483104256;4804153344;72.8;13938442240;5203132416
2026-08-23 10:30:58;mimiomia;2.2;1.6;0.4;97.7;72.5;3958198272;577073152;2506047488;1482842112;4804415488;72.8;13938450432;5203124224
2026-08-23 10:31:09;mimiomia;2.3;1.1;0.3;98.4;72.7;3970412544;560181248;2511732736;1482579968;4804677632;72.8;13938450432;5203124224
2026-08-23 10:31:20;mimiomia;2.3;3.2;0.7;95.9;73.8;4024225792;495407104;2574069760;1482317824;4804939776;72.8;13938450432;5203124224
2026-08-23 10:31:31;mimiomia;2.6;2.2;0.3;97.4;73.0;3989569536;538341376;2519158784;1481793536;4805464064;72.8;13938450432;5203124224
2026-08-23 10:31:42;mimiomia;0.2;0.4;0.1;99.5;73.5;4017012736;512942080;2550349824;1481793536;4805464064;72.8;13938450432;5203124224
2026-08-23 10:31:53;mimiomia;0.1;0.1;0.1;99.8;73.2;4001533952;528375808;2534903808;1481793536;4805464064;72.8;13938450432;5203124224
2026-08-23 10:32:04;mimiomia;2.1;1.1;0.3;98.6;72.9;3980636160;543744000;2527965184;1481531392;4805726208;72.8;13938450432;5203124224
2026-08-23 10:32:15;mimiomia;3.5;2.1;0.5;97.2;74.1;4050771968;471994368;2596265984;1481007104;4806250496;72.8;13938450432;5203124224
2026-08-23 10:32:26;mimiomia;4.8;2.1;0.5;97.3;75.7;4144939008;375209984;2674442240;1480482816;4806774784;72.8;13938450432;5203124224
2026-08-23 10:32:37;mimiomia;3.1;2.8;0.7;96.3;74.8;4131426304;408944640;2546581504;1480220672;4807036928;72.8;13938450432;5203124224
2026-08-23 10:32:48;mimiomia;3.3;4.4;1.4;93.9;77.8;4284424192;172445696;2848337920;1477861376;4809396224;72.8;13938450432;5203124224
2026-08-23 10:32:59;mimiomia;3.2;2.9;1.1;95.9;78.4;4317437952;158318592;2845605888;1477861376;4809396224;72.8;13938450432;5203124224
2026-08-23 10:33:10;mimiomia;2.2;7.4;2.4;89.6;81.9;4550414336;404938752;3072364544;1491492864;4795764736;72.8;13938450432;5203124224
2026-08-23 10:33:21;mimiomia;2.8;6.0;1.7;91.8;85.8;4764573696;192077824;3553796096;1512988672;4774268928;72.8;13938450432;5203124224
2026-08-23 10:33:32;mimiomia;2.0;3.2;1.0;95.4;86.8;4823203840;156143616;3489619968;1527668736;4759588864;72.8;13938450432;5203124224
2026-08-23 10:33:43;mimiomia;8.0;3.8;1.3;94.7;80.5;4439560192;596516864;2063675392;1539981312;4747276288;72.8;13938450432;5203124224
2026-08-23 10:33:54;mimiomia;4.2;3.3;1.2;95.1;80.2;4401475584;606642176;2102861824;1539981312;4747276288;72.8;13938450432;5203124224
2026-08-23 10:34:05;mimiomia;4.0;6.6;1.8;91.2;82.0;4540944384;503545856;2119991296;1548369920;4738887680;72.8;13938450432;5203124224
2026-08-23 10:34:16;mimiomia;7.9;4.0;1.1;94.8;78.7;4367396864;691789824;1992650752;1548107776;4739149824;72.8;13938450432;5203124224
2026-08-23 10:34:27;mimiomia;6.8;6.6;1.9;91.0;85.5;4756074496;145137664;2504204288;1547583488;4739674112;72.8;13938450432;5203124224
2026-08-23 10:34:38;mimiomia;7.3;8.6;2.9;88.4;80.5;4478181376;432496640;2250883072;1568555008;4718702592;72.8;13938450432;5203124224
2026-08-23 10:34:49;mimiomia;4.1;4.1;1.3;94.4;79.2;4407664640;502456320;2176679936;1567768576;4719489024;72.8;13938450432;5203124224
2026-08-23 10:35:00;mimiomia;3.8;2.8;1.4;95.6;75.4;4192321536;732504064;1970753536;1567768576;4719489024;72.8;13938450432;5203124224
2026-08-23 10:35:11;mimiomia;4.3;3.5;1.5;94.8;77.5;4315291648;593866752;2108973056;1570390016;4716867584;72.8;13938450432;5203124224
2026-08-23 10:35:22;mimiomia;3.9;2.4;0.9;96.6;76.4;4249382912;662863872;2049847296;1570390016;4716867584;72.8;13938450432;5203124224
2026-08-23 10:35:33;mimiomia;11.3;3.4;1.0;95.5;79.1;4413497344;488648704;2236596224;1566720000;4720537600;72.8;13938450432;5203124224
2026-08-23 10:35:44;mimiomia;3.8;2.9;0.9;96.1;78.3;4349341696;536276992;2168520704;1566720000;4720537600;72.8;13938450432;5203124224
2026-08-23 10:35:55;mimiomia;6.0;2.4;0.7;96.8;78.4;4351533056;534106112;2185850880;1566457856;4720799744;72.8;13938450432;5203124224
2026-08-23 10:36:06;mimiomia;3.7;2.3;0.9;96.7;78.2;4339609600;543432704;2165166080;1566195712;4721061888;72.8;13938450432;5203124224
2026-08-23 10:36:17;mimiomia;3.8;2.4;0.8;96.5;77.3;4307488768;592834560;2112659456;1566195712;4721061888;72.8;13938450432;5203124224
2026-08-23 10:36:28;mimiomia;4.5;3.6;1.0;95.2;77.3;4300767232;593997824;2106068992;1565409280;4721848320;72.8;13938450432;5203124224
2026-08-23 10:36:39;mimiomia;5.9;3.2;0.9;95.8;78.4;4362641408;529960960;2151092224;1565409280;4721848320;72.8;13938450432;5203124224
2026-08-23 10:36:50;mimiomia;4.2;3.6;1.0;95.2;78.9;4379873280;488136704;2211520512;1563049984;4724207616;72.8;13938450432;5203124224
2026-08-23 10:37:01;mimiomia;4.4;2.9;0.8;96.1;76.5;4246994944;634634240;2068221952;1563049984;4724207616;72.8;13938450432;5203124224
2026-08-23 10:37:12;mimiomia;3.8;2.7;0.7;96.4;76.3;4234375168;647184384;2081107968;1563049984;4724207616;72.8;13938450432;5203124224
2026-08-23 10:37:23;mimiomia;3.7;4.6;1.1;94.1;78.0;4339085312;520122368;2164850688;1562787840;4724469760;72.8;13938450432;5203124224
2026-08-23 10:37:34;mimiomia;6.0;4.7;1.0;94.1;78.6;4367380480;435732480;2210340864;1562787840;4724469760;72.8;13938450432;5203124224
2026-08-23 10:37:45;mimiomia;6.5;5.3;1.3;93.3;79.0;4416352256;376680448;2205233152;1561477120;4725780480;72.8;13938450432;5203124224
2026-08-23 10:37:56;mimiomia;0.6;1.2;0.5;98.1;69.2;3832733696;964268032;1676070912;1559269376;4727988224;72.8;13938450432;5203124224
2026-08-23 10:38:07;mimiomia;3.5;1.9;0.6;97.3;68.2;3771621376;1022160896;1603858432;1558482944;4728774656;72.8;13938450432;5203124224
2026-08-23 10:38:18;mimiomia;2.1;1.4;0.5;97.9;66.9;3706458112;1101357056;1552486400;1557696512;4729561088;72.8;13938450432;5203124224
2026-08-23 10:38:29;mimiomia;3.0;1.7;0.5;97.7;66.6;3689246720;1115697152;1553334272;1557434368;4729823232;72.8;13938450432;5203124224
2026-08-23 10:38:40;mimiomia;0.6;1.2;0.6;98.1;67.6;3744178176;1036771328;1643487232;1557413888;4729843712;72.8;13938450432;5203124224
2026-08-23 10:38:51;mimiomia;1.1;1.4;0.6;97.9;69.1;3838087168;945000448;1729609728;1556365312;4730892288;72.8;13938450432;5203124224
2026-08-23 10:39:02;mimiomia;2.3;1.1;0.5;98.3;67.7;3749240832;1026613248;1649762304;1555832832;4731424768;72.8;13938450432;5203124224
2026-08-23 10:39:13;mimiomia;0.2;1.8;0.5;97.5;68.1;3769184256;1002319872;1678716928;1555832832;4731424768;72.8;13938450432;5203124224
2026-08-23 10:39:24;mimiomia;2.1;0.6;0.3;99.0;67.1;3707842560;1058566144;1611780096;1555570688;4731686912;72.8;13938450432;5203124224
2026-08-23 10:39:35;mimiomia;1.1;2.8;0.8;96.2;71.1;3957714944;783962112;1878867968;1555046400;4732211200;72.8;13938450432;5203124224
2026-08-23 10:39:46;mimiomia;2.3;4.1;1.0;94.5;76.6;4269064192;404672512;2205630464;1554259968;4732997632;72.8;13938450432;5203124224
2026-08-23 10:39:57;mimiomia;3.1;4.4;0.8;94.5;78.1;4356419584;311717888;2319376384;1553997824;4733259776;72.8;13938450432;5203124224
2026-08-23 10:40:08;mimiomia;4.5;5.3;1.2;93.3;79.3;4414001152;246853632;2422931456;1560551424;4726706176;72.8;13938450432;5203124224
2026-08-23 10:40:19;mimiomia;5.4;4.4;1.0;94.3;73.2;4043087872;617574400;2070167552;1560027136;4727230464;72.8;13938450432;5203124224
2026-08-23 10:40:30;mimiomia;4.3;3.6;0.9;95.3;73.2;4046376960;612851712;2077634560;1559240704;4728016896;72.8;13938450432;5203124224
2026-08-23 10:40:41;mimiomia;4.6;3.9;1.0;94.8;74.0;4096581632;562122752;2115031040;1559240704;4728016896;72.8;13938450432;5203124224
2026-08-23 10:40:52;mimiomia;5.2;4.1;1.0;94.7;73.8;4082413568;576233472;2098302976;1559240704;4728016896;72.8;13938450432;5203124224
2026-08-23 10:41:03;mimiomia;5.6;3.5;1.0;95.3;73.6;4072194048;586403840;2095845376;1559240704;4728016896;72.8;13938450432;5203124224
2026-08-23 10:41:14;mimiomia;5.3;4.0;1.2;94.6;73.4;4056903680;601866240;2080157696;1559240704;4728016896;72.8;13938450432;5203124224
2026-08-23 10:41:25;mimiomia;4.3;4.0;0.9;94.8;73.5;4063485952;595214336;2082918400;1559240704;4728016896;72.8;13938450432;5203124224
2026-08-23 10:41:36;mimiomia;8.7;4.3;1.0;94.4;74.7;4139573248;520294400;2167255040;1558716416;4728541184;72.8;13938450432;5203124224
2026-08-23 10:41:47;mimiomia;5.2;7.6;1.2;91.0;77.4;4263968768;331837440;2336329728;1558716416;4728541184;72.8;13938450432;5203124224
2026-08-23 10:41:58;mimiomia;7.1;9.3;1.5;89.1;78.7;4326125568;258007040;2394664960;1558716416;4728541184;72.8;13938450432;5203124224
2026-08-23 10:42:09;mimiomia;14.5;4.4;1.0;94.3;80.6;4459622400;149733376;2570199040;1566318592;4720939008;72.8;13938450432;5203124224
2026-08-23 10:42:20;mimiomia;6.5;6.7;1.0;92.1;80.7;4476366848;148873216;2634178560;1575755776;4711501824;72.8;13938450432;5203124224
2026-08-23 10:42:31;mimiomia;5.4;4.9;1.0;93.9;74.8;4120723456;507670528;2308435968;1580474368;4706783232;72.8;13938450432;5203124224
2026-08-23 10:42:42;mimiomia;0.3;4.5;0.7;94.6;74.8;4119769088;510472192;2314895360;1580474368;4706783232;72.8;13938450432;5203124224
2026-08-23 10:42:53;mimiomia;1.1;0.6;0.2;99.2;75.0;4135878656;486666240;2315022336;1579687936;4707569664;72.8;13938450432;5203124224
2026-08-23 10:43:04;mimiomia;19.2;3.8;0.5;95.6;75.1;4141527040;480641024;2312269824;1579687936;4707569664;72.8;13938450432;5203124224
2026-08-23 10:43:15;mimiomia;0.1;2.8;0.5;96.6;75.4;4157235200;463745024;2319618048;1579687936;4707569664;72.8;13938450432;5203124224
2026-08-23 10:43:26;mimiomia;6.6;4.9;1.0;93.9;75.3;4153147392;467197952;2313740288;1579425792;4707831808;72.8;13938450432;5203124224
2026-08-23 10:43:37;mimiomia;5.4;5.2;0.9;93.7;75.4;4159483904;460570624;2331901952;1579425792;4707831808;72.8;13938450432;5203124224
2026-08-23 10:43:48;mimiomia;7.4;9.0;1.3;89.6;76.2;4203446272;417775616;2417115136;1582833664;4704423936;72.8;13938450432;5203124224
2026-08-23 10:43:59;mimiomia;4.3;6.4;0.9;92.5;74.2;4104482816;541204480;2267598848;1582047232;4705210368;72.8;13938450432;5203124224
2026-08-23 10:44:10;mimiomia;2.4;3.6;0.7;95.5;74.6;4126167040;514322432;2281906176;1582047232;4705210368;72.8;13938450432;5203124224
2026-08-23 10:44:21;mimiomia;20.4;12.9;1.5;85.4;78.4;4324851712;282157056;2530299904;1581785088;4705472512;72.8;13938450432;5203124224
2026-08-23 10:44:32;mimiomia;6.0;6.1;1.1;92.5;78.7;4358164480;266137600;2536861696;1581785088;4705472512;72.8;13938450432;5203124224
2026-08-23 10:44:43;mimiomia;4.9;4.8;1.1;93.8;75.6;4169744384;454201344;2366894080;1581785088;4705472512;72.8;13938450432;5203124224
2026-08-23 10:44:54;mimiomia;5.8;4.6;0.9;94.3;75.6;4177068032;453791744;2369892352;1581785088;4705472512;72.8;13938450432;5203124224
2026-08-23 10:45:05;mimiomia;4.6;7.2;1.1;91.5;75.8;4193353728;437739520;2358480896;1581785088;4705472512;72.8;13938450432;5203124224
2026-08-23 10:45:16;mimiomia;5.2;4.5;0.9;94.3;75.6;4179628032;451223552;2362015744;1581785088;4705472512;72.8;13938450432;5203124224
2026-08-23 10:45:27;mimiomia;5.4;7.2;1.0;91.5;75.7;4186791936;443879424;2371162112;1581522944;4705734656;72.8;13938450432;5203124224
2026-08-23 10:45:38;mimiomia;5.1;4.6;0.8;94.3;76.7;4243832832;386555904;2414821376;1581522944;4705734656;72.8;13938450432;5203124224
2026-08-23 10:45:49;mimiomia;1.5;4.0;0.8;94.9;75.8;4194676736;437624832;2384035840;1581522944;4705734656;72.8;13938450432;5203124224
2026-08-23 10:46:00;mimiomia;11.8;4.3;0.8;94.7;74.1;4105392128;547471360;2247503872;1581522944;4705734656;72.8;13938450432;5203124224
2026-08-23 10:46:11;mimiomia;11.6;3.8;0.5;95.5;74.4;4125323264;522366976;2251943936;1581260800;4705996800;72.8;13938450432;5203124224
2026-08-23 10:46:22;mimiomia;15.5;7.0;1.0;91.7;78.1;4338483200;300150784;2472927232;1580736512;4706521088;72.8;13938450432;5203124224
2026-08-23 10:46:33;mimiomia;4.8;3.8;1.2;94.7;78.7;4384813056;257814528;2539143168;1580736512;4706521088;72.8;13938450432;5203124224
2026-08-23 10:46:44;mimiomia;4.4;3.3;1.0;95.5;78.4;4362375168;280137728;2534260736;1580736512;4706521088;72.8;13938450432;5203124224
2026-08-23 10:46:55;mimiomia;14.6;7.6;1.2;91.0;78.1;4329308160;292806656;2528964608;1580736512;4706521088;72.8;13938450432;5203124224
2026-08-23 10:47:06;mimiomia;12.8;10.9;1.4;87.5;78.4;4347793408;217358336;2556784640;1580474368;4706783232;72.8;13938450432;5203124224
2026-08-23 10:47:17;mimiomia;4.0;4.6;0.9;94.2;78.4;4359692288;222007296;2543157248;1580474368;4706783232;72.8;13938450432;5203124224
2026-08-23 10:47:28;mimiomia;4.6;4.0;1.0;94.6;76.1;4220403712;358227968;2386698240;1579687936;4707569664;72.8;13938450432;5203124224
2026-08-23 10:47:39;mimiomia;4.9;4.1;0.9;94.8;76.1;4218798080;359776256;2387492864;1579687936;4707569664;72.8;13938450432;5203124224
2026-08-23 10:47:50;mimiomia;5.3;3.8;0.9;95.1;76.0;4219092992;346853376;2401509376;1579163648;4708093952;72.8;13938450432;5203124224
2026-08-23 10:48:01;mimiomia;3.7;4.1;0.8;94.9;76.0;4216299520;349593600;2399178752;1579163648;4708093952;72.8;13938450432;5203124224
2026-08-23 10:48:12;mimiomia;0.4;0.5;0.2;99.3;76.0;4218720256;348024832;2384175104;1579163648;4708093952;72.8;13938450432;5203124224
2026-08-23 10:48:23;mimiomia;0.2;0.2;0.1;99.8;75.0;4169388032;409419776;2320904192;1579163648;4708093952;72.8;13938450432;5203124224
2026-08-23 10:48:34;mimiomia;0.2;0.2;0.1;99.7;75.6;4206055424;372703232;2343378944;1579163648;4708093952;72.8;13938450432;5203124224
2026-08-23 10:48:45;mimiomia;0.3;0.1;0.1;99.8;75.5;4201771008;376967168;2335494144;1579163648;4708093952;72.8;13938450432;5203124224
2026-08-23 10:48:56;mimiomia;20.0;3.9;0.4;95.7;77.6;4318748672;249147392;2472177664;1579163648;4708093952;72.8;13938450432;5203124224
2026-08-23 10:49:07;mimiomia;2.7;5.0;0.4;94.5;78.9;4391374848;172736512;2541178880;1579163648;4708093952;72.8;13938450432;5203124224
2026-08-23 10:49:18;mimiomia;0.9;1.7;0.4;97.8;79.0;4400906240;167092224;2557378560;1578639360;4708618240;72.8;13938450432;5203124224
2026-08-23 10:49:29;mimiomia;1.1;1.7;0.2;98.1;75.4;4193701888;379920384;2346708992;1578639360;4708618240;72.8;13938450432;5203124224
2026-08-23 10:49:40;mimiomia;5.1;5.2;1.1;93.6;78.8;4384350208;180252672;2597535744;1578639360;4708618240;72.8;13938450432;5203124224
2026-08-23 10:49:51;mimiomia;4.4;4.7;1.1;94.1;79.2;4413771776;154472448;2622279680;1578639360;4708618240;72.8;13938450432;5203124224
2026-08-23 10:50:02;mimiomia;6.7;4.9;1.1;93.8;76.2;4229287936;410148864;2517753856;1579950080;4707307520;72.8;13938450432;5203124224
2026-08-23 10:50:13;mimiomia;4.3;4.6;1.0;94.3;77.2;4289949696;348262400;2575753216;1579950080;4707307520;72.8;13938450432;5203124224
2026-08-23 10:50:24;mimiomia;6.9;4.7;1.0;94.1;79.6;4438704128;199417856;2693423104;1579687936;4707569664;72.8;13938454528;5203120128
2026-08-23 10:50:35;mimiomia;14.7;7.1;1.5;91.1;86.5;4823523328;231456768;3049787392;1602232320;4685025280;72.8;13938454528;5203120128
2026-08-23 10:50:46;mimiomia;7.9;7.8;1.0;90.9;86.2;4829061120;245874688;3001716736;1602232320;4685025280;72.8;13938454528;5203120128
2026-08-23 10:50:57;mimiomia;6.9;7.3;1.1;91.3;76.1;4215365632;859721728;2361896960;1601708032;4685549568;72.8;13938454528;5203120128
2026-08-23 10:51:08;mimiomia;11.0;9.3;1.2;89.3;76.8;4258193408;814493696;2414518272;1601708032;4685549568;72.8;13938454528;5203120128
2026-08-23 10:51:19;mimiomia;16.9;12.3;1.3;86.2;77.2;4279181312;793137152;2462015488;1601708032;4685549568;72.8;13938454528;5203120128
2026-08-23 10:51:30;mimiomia;15.3;7.7;1.0;91.0;76.4;4250193920;838316032;2373267456;1601183744;4686073856;72.8;13938454528;5203120128
2026-08-23 10:51:41;mimiomia;4.4;6.5;1.0;92.1;77.6;4328890368;764624896;2468114432;1600659456;4686598144;72.8;13938454528;5203120128
2026-08-23 10:51:52;mimiomia;3.2;2.6;0.9;96.1;77.6;4331323392;764194816;2460065792;1600659456;4686598144;72.8;13938454528;5203120128
2026-08-23 10:52:03;mimiomia;1.1;3.4;0.8;95.4;77.0;4293689344;800698368;2416996352;1599348736;4687908864;72.8;13938458624;5203116032
2026-08-23 10:52:14;mimiomia;7.7;3.2;0.6;96.0;77.5;4317470720;770936832;2446262272;1599348736;4687908864;72.8;13938458624;5203116032
2026-08-23 10:52:25;mimiomia;7.8;8.9;1.3;89.6;80.9;4500967424;561233920;2664194048;1599086592;4688171008;72.8;13938458624;5203116032
2026-08-23 10:52:36;mimiomia;13.8;6.0;1.1;92.7;77.5;4298018816;767873024;2437439488;1599086592;4688171008;72.8;13938458624;5203116032
2026-08-23 10:52:47;mimiomia;5.6;6.4;1.2;92.2;79.1;4397547520;668229632;2542297088;1598824448;4688433152;72.8;13938458624;5203116032
2026-08-23 10:52:58;mimiomia;6.4;6.3;1.2;92.4;77.4;4290609152;773074944;2445881344;1598824448;4688433152;72.8;13938458624;5203116032
2026-08-23 10:53:09;mimiomia;6.7;6.3;1.1;92.3;78.6;4361527296;700182528;2504560640;1598562304;4688695296;72.8;13938458624;5203116032
2026-08-23 10:53:20;mimiomia;2.5;6.8;1.0;92.0;76.5;4257808384;824918016;2397077504;1598562304;4688695296;72.8;13938458624;5203116032
2026-08-23 10:53:31;mimiomia;2.9;4.6;0.7;94.5;76.9;4280229888;798994432;2420510720;1598562304;4688695296;72.8;13938458624;5203116032
2026-08-23 10:53:42;mimiomia;5.9;8.3;1.3;90.1;80.0;4450201600;612438016;2630561792;1598562304;4688695296;72.8;13938458624;5203116032
2026-08-23 10:53:53;mimiomia;6.1;4.6;1.0;94.2;79.7;4438323200;629039104;2611798016;1598562304;4688695296;72.8;13938458624;5203116032
2026-08-23 10:54:04;mimiomia;14.4;5.5;0.9;93.3;79.5;4421550080;642781184;2594045952;1598562304;4688695296;72.8;13938458624;5203116032
2026-08-23 10:54:15;mimiomia;7.1;7.4;1.0;91.3;79.0;4397264896;656474112;2555539456;1598300160;4688957440;72.8;13938458624;5203116032
2026-08-23 10:54:26;mimiomia;0.8;4.2;1.0;94.4;78.7;4393037824;673497088;2562572288;1598300160;4688957440;72.8;13938458624;5203116032
2026-08-23 10:54:37;mimiomia;4.1;1.7;0.6;97.7;79.9;4464726016;599769088;2610860032;1598038016;4689219584;72.8;13938458624;5203116032
2026-08-23 10:54:48;mimiomia;7.6;4.9;1.2;93.8;77.2;4298563584;767242240;2422882304;1596989440;4690268160;72.8;13938458624;5203116032
2026-08-23 10:54:59;mimiomia;1.7;7.0;1.2;91.5;80.3;4478738432;573423616;2617987072;1596727296;4690530304;72.8;13938458624;5203116032
2026-08-23 10:55:10;mimiomia;4.3;2.6;0.8;96.5;80.1;4475826176;584126464;2602430464;1596727296;4690530304;72.8;13938458624;5203116032
2026-08-23 10:55:21;mimiomia;3.6;3.6;1.0;95.1;79.9;4467101696;592670720;2601115648;1596727296;4690530304;72.8;13938458624;5203116032
2026-08-23 10:55:32;mimiomia;4.1;2.8;1.0;95.8;80.0;4470771712;588898304;2603585536;1596727296;4690530304;72.8;13938458624;5203116032
2026-08-23 10:55:43;mimiomia;4.0;2.8;0.9;96.0;80.0;4467855360;591826944;2600304640;1596727296;4690530304;72.8;13938458624;5203116032
2026-08-23 10:55:54;mimiomia;4.0;2.9;0.8;96.0;80.2;4482510848;577122304;2607906816;1596727296;4690530304;72.8;13938458624;5203116032
2026-08-23 10:56:05;mimiomia;4.2;4.5;0.8;94.3;80.0;4469354496;587522048;2617933824;1596727296;4690530304;72.8;13938458624;5203116032
2026-08-23 10:56:16;mimiomia;6.7;7.1;1.0;91.8;80.6;4504481792;550236160;2661986304;1596727296;4690530304;72.8;13938458624;5203116032
2026-08-23 10:56:27;mimiomia;2.7;6.4;1.0;92.3;80.5;4503740416;557035520;2638188544;1596727296;4690530304;72.8;13938458624;5203116032
2026-08-23 10:56:38;mimiomia;7.3;9.0;1.2;89.6;83.1;4631388160;400396288;2778640384;1596698624;4690558976;72.8;13938458624;5203116032
2026-08-23 10:56:49;mimiomia;4.3;6.8;0.9;91.9;81.4;4553216000;501301248;2680774656;1596690432;4690567168;72.8;13938458624;5203116032
2026-08-23 10:57:00;mimiomia;5.0;2.7;0.8;96.1;81.1;4533334016;518930432;2696228864;1596690432;4690567168;72.8;13938458624;5203116032
2026-08-23 10:57:11;mimiomia;3.7;3.5;0.9;95.4;77.3;4307578880;751001600;2469081088;1596690432;4690567168;72.8;13938458624;5203116032
2026-08-23 10:57:22;mimiomia;3.8;3.2;0.9;95.5;77.4;4316311552;741597184;2471985152;1596690432;4690567168;72.8;13938458624;5203116032
2026-08-23 10:57:33;mimiomia;4.2;4.3;0.9;94.5;78.7;4386848768;666726400;2553720832;1596690432;4690567168;72.8;13938458624;5203116032
2026-08-23 10:57:44;mimiomia;4.6;3.5;0.9;95.2;79.2;4424515584;631320576;2583162880;1596690432;4690567168;72.8;13938458624;5203116032
2026-08-23 10:57:55;mimiomia;5.9;5.8;0.8;93.2;81.0;4524445696;523780096;2666450944;1596690432;4690567168;72.8;13938458624;5203116032
2026-08-23 10:58:06;mimiomia;3.6;2.7;1.0;96.1;80.8;4520038400;533049344;2660298752;1596690432;4690567168;72.8;13938458624;5203116032
2026-08-23 10:58:17;mimiomia;3.6;2.8;0.9;95.9;81.5;4564652032;489418752;2686521344;1596690432;4690567168;72.8;13938458624;5203116032
2026-08-23 10:58:28;mimiomia;6.5;3.8;1.1;94.9;81.1;4532072448;514482176;2683281408;1596690432;4690567168;72.8;13938458624;5203116032
2026-08-23 10:58:39;mimiomia;8.2;6.8;1.4;91.7;82.0;4590034944;456232960;2721599488;1596690432;4690567168;72.8;13938458624;5203116032
2026-08-23 10:58:50;mimiomia;8.0;8.5;1.4;89.8;84.1;4686950400;333012992;2838093824;1596690432;4690567168;72.8;13938458624;5203116032
2026-08-23 10:59:01;mimiomia;5.8;4.7;0.9;94.1;83.5;4660150272;368037888;2821697536;1596690432;4690567168;72.8;13938458624;5203116032
2026-08-23 10:59:12;mimiomia;5.8;5.0;0.9;93.8;83.3;4651737088;378638336;2809253888;1596690432;4690567168;72.8;13938458624;5203116032
2026-08-23 10:59:23;mimiomia;5.6;4.2;0.8;94.6;82.4;4597035008;433807360;2774495232;1596690432;4690567168;72.8;13938458624;5203116032
2026-08-23 10:59:34;mimiomia;5.3;4.5;0.7;94.5;83.2;4646576128;383782912;2818244608;1596690432;4690567168;72.8;13938458624;5203116032
2026-08-23 10:59:45;mimiomia;4.7;4.2;0.8;94.7;83.1;4640083968;392331264;2814676992;1596690432;4690567168;72.8;13938458624;5203116032
2026-08-23 10:59:56;mimiomia;6.5;13.1;1.1;85.7;84.1;4695244800;329019392;2882654208;1596428288;4690829312;72.8;13938458624;5203116032
2026-08-23 11:00:07;mimiomia;13.8;10.1;1.4;88.2;84.1;4690198528;330039296;2864771072;1596428288;4690829312;72.8;13938458624;5203116032
2026-08-23 11:00:18;mimiomia;7.2;8.5;1.1;90.2;83.5;4659572736;363413504;2854281216;1596428288;4690829312;72.8;13938462720;5203111936
2026-08-23 11:00:29;mimiomia;7.7;7.5;0.9;91.2;79.9;4443619328;581214208;2618667008;1596428288;4690829312;72.8;13938462720;5203111936
2026-08-23 11:00:40;mimiomia;7.0;6.0;0.9;92.8;80.5;4483387392;540905472;2655739904;1596428288;4690829312;72.8;13938462720;5203111936
2026-08-23 11:00:51;mimiomia;6.1;6.6;0.8;92.3;80.6;4486950912;535076864;2668224512;1596428288;4690829312;72.8;13938462720;5203111936
2026-08-23 11:01:02;mimiomia;6.7;6.0;0.9;92.9;80.6;4488396800;535822336;2664464384;1596428288;4690829312;72.8;13938462720;5203111936
2026-08-23 11:01:13;mimiomia;12.6;11.0;0.9;87.9;83.7;4672638976;346230784;2852786176;1596428288;4690829312;72.8;13938462720;5203111936
2026-08-23 11:01:24;mimiomia;25.8;8.9;1.0;89.9;85.8;4791291904;220491776;2974683136;1596428288;4690829312;72.8;13938462720;5203111936
2026-08-23 11:01:35;mimiomia;14.7;8.7;1.2;89.9;87.7;4909977600;122081280;3572666368;1645187072;4642070528;72.8;13938462720;5203111936
2026-08-23 11:01:46;mimiomia;2.3;4.6;1.3;93.8;86.5;4865343488;317362176;2960506880;1716490240;4570767360;72.8;13938462720;5203111936
2026-08-23 11:01:57;mimiomia;11.7;4.6;1.1;94.1;89.0;4997967872;177999872;3144237056;1720946688;4566310912;72.8;13938462720;5203111936
2026-08-23 11:02:08;mimiomia;4.5;4.4;1.0;94.4;76.6;4244328448;931676160;2349903872;1720946688;4566310912;72.8;13938462720;5203111936
2026-08-23 11:02:19;mimiomia;4.4;3.4;0.8;95.6;75.8;4196552704;979750912;2327752704;1720946688;4566310912;72.8;13938462720;5203111936
2026-08-23 11:02:30;mimiomia;6.3;5.2;1.0;93.7;76.7;4253839360;920731648;2377064448;1720946688;4566310912;72.8;13938462720;5203111936
2026-08-23 11:02:41;mimiomia;4.4;3.9;0.8;95.1;76.6;4247830528;926412800;2380414976;1720684544;4566573056;72.8;13938462720;5203111936
2026-08-23 11:02:52;mimiomia;5.9;4.3;0.9;94.5;77.0;4268785664;900816896;2398838784;1720684544;4566573056;72.8;13938462720;5203111936
2026-08-23 11:03:03;mimiomia;4.1;3.9;0.9;95.0;76.5;4239761408;929775616;2382266368;1720684544;4566573056;72.8;13938462720;5203111936
2026-08-23 11:03:14;mimiomia;4.2;4.0;1.0;94.8;77.8;4313276416;855347200;2445012992;1718325248;4568932352;72.8;13938462720;5203111936
2026-08-23 11:03:25;mimiomia;5.5;4.6;0.9;94.2;77.7;4309061632;859197440;2431639552;1718325248;4568932352;72.8;13938462720;5203111936
2026-08-23 11:03:36;mimiomia;4.1;4.1;0.8;94.9;77.5;4295151616;872259584;2421243904;1717276672;4569980928;72.8;13938462720;5203111936
2026-08-23 11:03:47;mimiomia;5.3;3.8;1.0;95.1;77.5;4297641984;869609472;2422194176;1717276672;4569980928;72.8;13938462720;5203111936
2026-08-23 11:03:58;mimiomia;4.8;4.2;0.9;94.7;77.5;4297834496;866652160;2425741312;1717276672;4569980928;72.8;13938462720;5203111936
2026-08-23 11:04:09;mimiomia;5.3;3.6;0.8;95.4;77.0;4268445696;896122880;2400980992;1717276672;4569980928;72.8;13938462720;5203111936
2026-08-23 11:04:20;mimiomia;5.3;3.9;1.0;95.0;77.1;4275875840;888918016;2405449728;1717276672;4569980928;72.8;13938462720;5203111936
2026-08-23 11:04:31;mimiomia;5.7;4.0;0.9;94.9;77.2;4279316480;885403648;2414678016;1717276672;4569980928;72.8;13938462720;5203111936
2026-08-23 11:04:42;mimiomia;5.6;4.2;1.0;94.6;76.4;4229263360;938622976;2457427968;1717538816;4569718784;72.8;13938462720;5203111936
2026-08-23 11:04:53;mimiomia;5.5;4.4;0.8;94.6;76.8;4253773824;915771392;2468990976;1717276672;4569980928;72.8;13938462720;5203111936
2026-08-23 11:05:04;mimiomia;4.8;3.5;0.8;95.5;76.6;4243894272;921133056;2439929856;1717276672;4569980928;72.8;13938462720;5203111936
2026-08-23 11:05:15;mimiomia;4.7;4.2;1.0;94.7;76.6;4240764928;924569600;2449223680;1717276672;4569980928;72.8;13938462720;5203111936
2026-08-23 11:05:26;mimiomia;5.6;3.9;0.8;95.1;76.7;4251037696;914030592;2460069888;1717276672;4569980928;72.8;13938462720;5203111936
2026-08-23 11:05:37;mimiomia;12.4;5.0;1.0;93.9;77.5;4295061504;869658624;2491695104;1717276672;4569980928;72.8;13938462720;5203111936
2026-08-23 11:05:48;mimiomia;5.6;4.0;0.9;94.9;77.5;4295348224;869212160;2481020928;1717276672;4569980928;72.8;13938462720;5203111936
2026-08-23 11:05:59;mimiomia;3.7;4.3;0.8;94.8;77.0;4266045440;898588672;2461511680;1717276672;4569980928;72.8;13938462720;5203111936
2026-08-23 11:06:10;mimiomia;6.1;4.6;0.8;94.4;76.8;4252573696;912416768;2427396096;1717276672;4569980928;72.8;13938462720;5203111936
2026-08-23 11:06:21;mimiomia;4.9;4.1;0.7;95.0;76.9;4258127872;906825728;2437427200;1717276672;4569980928;72.8;13938462720;5203111936
2026-08-23 11:06:32;mimiomia;6.9;4.0;0.7;95.1;77.6;4305969152;858607616;2485346304;1717276672;4569980928;72.8;13938462720;5203111936
2026-08-23 11:06:43;mimiomia;4.5;4.0;0.8;95.0;78.0;4326387712;823001088;2519412736;1717276672;4569980928;72.8;13938462720;5203111936
2026-08-23 11:06:54;mimiomia;12.2;4.5;0.7;94.6;78.1;4331905024;817373184;2515881984;1717276672;4569980928;72.8;13938462720;5203111936
2026-08-23 11:07:05;mimiomia;4.7;3.7;0.8;95.3;78.2;4336328704;812539904;2514931712;1717276672;4569980928;72.8;13938462720;5203111936
2026-08-23 11:07:16;mimiomia;4.6;4.6;0.9;94.4;77.8;4312702976;836546560;2499039232;1717276672;4569980928;72.8;13938462720;5203111936
2026-08-23 11:07:27;mimiomia;4.4;3.4;0.8;95.6;78.0;4325781504;823382016;2505576448;1717276672;4569980928;72.8;13938462720;5203111936
2026-08-23 11:07:38;mimiomia;4.6;4.7;0.9;94.3;78.4;4355883008;794783744;2547245056;1717014528;4570243072;72.8;13938462720;5203111936
2026-08-23 11:07:49;mimiomia;5.0;4.0;0.8;95.0;78.5;4362424320;790282240;2557153280;1717014528;4570243072;72.8;13938462720;5203111936
2026-08-23 11:08:00;mimiomia;4.6;4.1;0.9;94.8;78.6;4368658432;783970304;2561953792;1717014528;4570243072;72.8;13938462720;5203111936
2026-08-23 11:08:11;mimiomia;4.9;4.8;0.9;94.1;77.9;4324175872;828833792;2503106560;1717014528;4570243072;72.8;13938462720;5203111936
2026-08-23 11:08:22;mimiomia;5.3;3.7;0.8;95.3;77.9;4328460288;824483840;2514395136;1717014528;4570243072;72.8;13938462720;5203111936
2026-08-23 11:08:33;mimiomia;6.2;4.1;0.9;94.7;79.1;4395393024;755376128;2586677248;1717014528;4570243072;72.8;13938462720;5203111936
2026-08-23 11:08:44;mimiomia;5.5;3.7;0.8;95.2;78.9;4392587264;762462208;2584039424;1717014528;4570243072;72.8;13938462720;5203111936
2026-08-23 11:08:55;mimiomia;5.7;3.8;0.9;95.0;79.0;4395597824;759377920;2577489920;1717014528;4570243072;72.8;13938462720;5203111936
2026-08-23 11:09:06;mimiomia;5.2;4.0;0.9;94.8;79.1;4402417664;752533504;2576531456;1717014528;4570243072;72.8;13938462720;5203111936
2026-08-23 11:09:17;mimiomia;5.2;4.8;0.7;94.2;78.2;4347035648;808267776;2532450304;1717014528;4570243072;72.8;13938462720;5203111936
2026-08-23 11:09:28;mimiomia;5.2;4.1;1.0;94.8;78.4;4361334784;793915392;2542727168;1717014528;4570243072;72.8;13938462720;5203111936
2026-08-23 11:09:39;mimiomia;4.4;4.1;0.9;94.9;79.2;4408393728;746434560;2588110848;1717014528;4570243072;72.8;13938462720;5203111936
2026-08-23 11:09:50;mimiomia;4.8;3.7;1.0;95.1;79.2;4406050816;748679168;2593943552;1717014528;4570243072;72.8;13938462720;5203111936
2026-08-23 11:10:01;mimiomia;4.6;4.8;0.8;94.2;79.2;4409610240;745050112;2605527040;1717014528;4570243072;72.8;13938462720;5203111936
2026-08-23 11:10:12;mimiomia;5.5;3.6;0.8;95.4;78.9;4389425152;765390848;2570002432;1717014528;4570243072;72.8;13938466816;5203107840
2026-08-23 11:10:23;mimiomia;21.1;6.6;1.1;92.1;78.2;4350500864;804278272;2527920128;1717014528;4570243072;72.8;13938466816;5203107840
2026-08-23 11:10:34;mimiomia;5.1;3.9;0.9;95.0;78.8;4385017856;769277952;2582257664;1717014528;4570243072;72.8;13938466816;5203107840
2026-08-23 11:10:45;mimiomia;4.5;3.4;0.8;95.6;79.2;4403159040;746909696;2600235008;1717014528;4570243072;72.8;13938466816;5203107840
2026-08-23 11:10:56;mimiomia;5.4;4.3;0.8;94.8;79.2;4406988800;745123840;2609352704;1717014528;4570243072;72.8;13938466816;5203107840
2026-08-23 11:11:07;mimiomia;4.6;3.6;0.8;95.4;79.1;4398903296;753418240;2572562432;1717014528;4570243072;72.8;13938466816;5203107840
2026-08-23 11:11:18;mimiomia;6.4;4.2;0.9;94.7;80.2;4463742976;687906816;2646077440;1717014528;4570243072;72.8;13938466816;5203107840
2026-08-23 11:11:29;mimiomia;9.8;4.2;0.7;94.9;80.2;4463235072;685875200;2651049984;1717014528;4570243072;72.8;13938466816;5203107840
2026-08-23 11:11:40;mimiomia;4.4;4.2;0.7;94.9;80.2;4467994624;681414656;2641686528;1716752384;4570505216;72.8;13938466816;5203107840
2026-08-23 11:11:51;mimiomia;4.6;4.0;0.9;94.9;80.2;4464979968;684683264;2633617408;1716752384;4570505216;72.8;13938466816;5203107840
2026-08-23 11:12:02;mimiomia;4.2;4.4;0.7;94.7;80.2;4465692672;683778048;2633142272;1716752384;4570505216;72.8;13938466816;5203107840
2026-08-23 11:12:13;mimiomia;5.5;3.7;1.0;95.1;80.2;4466569216;682971136;2637012992;1716752384;4570505216;72.8;13938466816;5203107840
2026-08-23 11:12:24;mimiomia;4.9;4.2;0.9;94.7;80.5;4483862528;665178112;2645831680;1716752384;4570505216;72.8;13938466816;5203107840
2026-08-23 11:12:35;mimiomia;5.4;4.3;0.9;94.6;80.4;4477739008;671137792;2637058048;1716752384;4570505216;72.8;13938466816;5203107840
2026-08-23 11:12:46;mimiomia;4.7;4.4;1.0;94.4;80.3;4473114624;675577856;2638544896;1716752384;4570505216;72.8;13938466816;5203107840
2026-08-23 11:12:57;mimiomia;5.3;3.9;0.8;95.1;80.0;4451713024;697229312;2634731520;1716752384;4570505216;72.8;13938466816;5203107840
2026-08-23 11:13:08;mimiomia;5.6;4.1;1.0;94.8;79.9;4447330304;683540480;2607902720;1716752384;4570505216;72.8;13938466816;5203107840
2026-08-23 11:13:19;mimiomia;4.5;4.2;0.8;94.9;79.8;4441526272;689274880;2614652928;1716752384;4570505216;72.8;13938466816;5203107840
2026-08-23 11:13:30;mimiomia;8.0;4.1;1.0;94.7;81.2;4525322240;604442624;2675736576;1716752384;4570505216;72.8;13938466816;5203107840
2026-08-23 11:13:41;mimiomia;5.2;4.3;1.0;94.6;80.9;4507574272;622137344;2678480896;1716752384;4570505216;72.8;13938466816;5203107840
2026-08-23 11:13:52;mimiomia;4.3;4.4;0.9;94.6;80.5;4482883584;646799360;2652905472;1716752384;4570505216;72.8;13938466816;5203107840
2026-08-23 11:14:03;mimiomia;5.8;4.7;1.1;94.1;80.7;4494106624;612790272;2677100544;1716305920;4570951680;72.8;13938466816;5203107840
2026-08-23 11:14:14;mimiomia;4.8;4.0;0.9;94.8;80.5;4487114752;604692480;2658390016;1716305920;4570951680;72.8;13938466816;5203107840
2026-08-23 11:14:25;mimiomia;5.0;4.0;0.9;94.8;80.7;4494106624;597663744;2668855296;1716305920;4570951680;72.8;13938466816;5203107840
2026-08-23 11:14:36;mimiomia;6.7;4.0;1.1;94.7;80.7;4495355904;596344832;2675654656;1716043776;4571213824;72.8;13938466816;5203107840
2026-08-23 11:14:47;mimiomia;4.4;4.6;0.8;94.4;80.2;4466229248;625430528;2662187008;1716043776;4571213824;72.8;13938466816;5203107840
2026-08-23 11:14:58;mimiomia;6.6;5.4;0.9;93.6;79.9;4449861632;643768320;2635874304;1716043776;4571213824;72.8;13938466816;5203107840
2026-08-23 11:15:09;mimiomia;4.5;4.6;0.9;94.3;79.9;4451082240;640827392;2625740800;1716043776;4571213824;72.8;13938466816;5203107840
2026-08-23 11:15:20;mimiomia;4.7;3.8;0.8;95.2;79.8;4445093888;646766592;2623864832;1716043776;4571213824;72.8;13938466816;5203107840
2026-08-23 11:15:31;mimiomia;6.2;3.9;1.0;95.0;81.0;4512288768;579235840;2684092416;1716043776;4571213824;72.8;13938466816;5203107840
2026-08-23 11:15:42;mimiomia;5.0;4.5;0.7;94.6;81.0;4512190464;565551104;2705723392;1716043776;4571213824;72.8;13938466816;5203107840
2026-08-23 11:15:53;mimiomia;3.3;3.3;0.7;95.8;80.7;4494561280;583102464;2698027008;1716043776;4571213824;72.8;13938466816;5203107840
2026-08-23 11:16:04;mimiomia;4.7;4.9;0.8;94.2;80.5;4485484544;592142336;2695868416;1716043776;4571213824;72.8;13938466816;5203107840
2026-08-23 11:16:15;mimiomia;4.1;4.2;0.7;94.9;80.0;4457140224;620818432;2652667904;1716043776;4571213824;72.8;13938466816;5203107840
2026-08-23 11:16:26;mimiomia;5.2;4.3;0.9;94.6;80.3;4473659392;603717632;2672537600;1715257344;4572000256;72.8;13938466816;5203107840
2026-08-23 11:16:37;mimiomia;5.2;4.0;0.8;95.1;81.4;4537118720;539832320;2714775552;1715257344;4572000256;72.8;13938466816;5203107840
2026-08-23 11:16:48;mimiomia;4.7;3.8;0.7;95.4;81.1;4520550400;556290048;2712444928;1715257344;4572000256;72.8;13938466816;5203107840
2026-08-23 11:16:59;mimiomia;6.0;4.4;0.9;94.6;81.3;4533530624;543178752;2719129600;1715257344;4572000256;72.8;13938466816;5203107840
2026-08-23 11:17:10;mimiomia;5.5;3.9;0.8;95.2;80.7;4496834560;579743744;2682236928;1715257344;4572000256;72.8;13938466816;5203107840
2026-08-23 11:17:21;mimiomia;5.7;4.8;0.9;94.1;80.3;4472147968;604393472;2663247872;1715257344;4572000256;72.8;13938466816;5203107840
2026-08-23 11:17:32;mimiomia;5.3;4.2;0.9;94.8;81.4;4540497920;535527424;2716659712;1715257344;4572000256;72.8;13938466816;5203107840
2026-08-23 11:17:43;mimiomia;4.7;3.7;0.8;95.3;81.3;4531716096;544333824;2720464896;1715257344;4572000256;72.8;13938466816;5203107840
2026-08-23 11:17:54;mimiomia;0.6;2.4;0.7;96.8;81.6;4548575232;523243520;2729963520;1715257344;4572000256;72.8;13938466816;5203107840
2026-08-23 11:18:05;mimiomia;2.1;0.4;0.2;99.4;81.5;4536537088;533209088;2724253696;1715257344;4572000256;72.8;13938466816;5203107840
2026-08-23 11:18:16;mimiomia;6.5;4.7;1.0;94.1;82.2;4580253696;487829504;2743607296;1715257344;4572000256;72.8;13938466816;5203107840
2026-08-23 11:18:27;mimiomia;5.5;4.3;0.9;94.6;81.6;4542930944;525139968;2718130176;1715257344;4572000256;72.8;13938466816;5203107840
2026-08-23 11:18:38;mimiomia;5.6;3.8;1.0;95.0;82.3;4586086400;481546240;2766643200;1715257344;4572000256;72.8;13938466816;5203107840
2026-08-23 11:18:49;mimiomia;5.3;4.4;0.9;94.5;82.1;4574167040;496869376;2761203712;1715257344;4572000256;72.8;13938466816;5203107840
2026-08-23 11:19:00;mimiomia;6.0;4.5;0.7;94.6;82.0;4571668480;498921472;2760597504;1715257344;4572000256;72.8;13938466816;5203107840
2026-08-23 11:19:11;mimiomia;5.3;3.8;0.9;95.1;81.6;4545871872;524644352;2743181312;1715257344;4572000256;72.8;13938466816;5203107840
2026-08-23 11:19:22;mimiomia;5.3;4.5;0.9;94.5;81.5;4538957824;531533824;2745786368;1715257344;4572000256;72.8;13938466816;5203107840
2026-08-23 11:19:33;mimiomia;4.6;4.6;1.0;94.2;82.2;4580634624;487645184;2745942016;1715257344;4572000256;72.8;13938466816;5203107840
2026-08-23 11:19:44;mimiomia;4.9;4.4;1.0;94.4;82.1;4574298112;496132096;2748645376;1715257344;4572000256;72.8;13938466816;5203107840
2026-08-23 11:19:55;mimiomia;4.2;3.7;0.8;95.4;82.1;4576878592;493461504;2754002944;1715257344;4572000256;72.8;13938466816;5203107840
2026-08-23 11:20:07;mimiomia;4.6;3.8;1.0;95.0;82.0;4570017792;502292480;2756083712;1715257344;4572000256;72.8;13938466816;5203107840
2026-08-23 11:20:18;mimiomia;4.8;3.9;1.0;95.0;81.7;4553248768;517312512;2734841856;1715257344;4572000256;72.8;13938466816;5203107840
2026-08-23 11:20:29;mimiomia;4.5;4.5;0.9;94.4;81.5;4540866560;529580032;2736771072;1715257344;4572000256;72.8;13938466816;5203107840
2026-08-23 11:20:40;mimiomia;5.8;4.0;1.0;94.8;82.8;4619636736;428613632;2797129728;1715257344;4572000256;72.8;13938466816;5203107840
2026-08-23 11:20:51;mimiomia;4.7;4.1;0.9;94.8;82.5;4603338752;444899328;2806435840;1715257344;4572000256;72.8;13938466816;5203107840
2026-08-23 11:21:02;mimiomia;5.7;3.8;0.8;95.2;82.2;4580876288;467349504;2791792640;1715257344;4572000256;72.8;13938466816;5203107840
2026-08-23 11:21:13;mimiomia;4.9;4.0;0.7;95.0;82.0;4567293952;476631040;2790981632;1715257344;4572000256;72.8;13938466816;5203107840
2026-08-23 11:21:24;mimiomia;4.2;3.7;0.6;95.5;81.7;4545667072;498614272;2762633216;1715257344;4572000256;72.8;13938466816;5203107840
2026-08-23 11:21:35;mimiomia;4.6;3.8;0.9;95.1;82.7;4609695744;434139136;2811805696;1715257344;4572000256;72.8;13938466816;5203107840
2026-08-23 11:21:46;mimiomia;4.4;4.5;0.7;94.6;82.5;4594479104;449331200;2814459904;1715257344;4572000256;72.8;13938466816;5203107840
2026-08-23 11:21:57;mimiomia;5.3;4.2;1.0;94.7;82.3;4583284736;460357632;2793959424;1715257344;4572000256;72.8;13938466816;5203107840
2026-08-23 11:22:08;mimiomia;4.9;4.6;0.8;94.4;82.0;4564750336;478928896;2772144128;1715257344;4572000256;72.8;13938466816;5203107840
2026-08-23 11:22:19;mimiomia;4.7;5.2;0.7;93.9;80.9;4498964480;544952320;2694340608;1715257344;4572000256;72.8;13938466816;5203107840
2026-08-23 11:22:30;mimiomia;4.8;4.0;0.9;94.9;81.7;4547551232;495898624;2741260288;1715257344;4572000256;72.8;13938466816;5203107840
2026-08-23 11:22:41;mimiomia;5.7;4.3;0.9;94.6;81.3;4521668608;465305600;2746560512;1715257344;4572000256;72.8;13938466816;5203107840
2026-08-23 11:22:52;mimiomia;4.5;3.7;0.8;95.3;81.4;4529188864;457760768;2739511296;1715257344;4572000256;72.8;13938466816;5203107840
2026-08-23 11:23:03;mimiomia;6.5;4.2;1.0;94.6;81.6;4542029824;444841984;2752581632;1715257344;4572000256;72.8;13938466816;5203107840
2026-08-23 11:23:14;mimiomia;5.2;3.6;0.8;95.3;81.3;4521582592;465494016;2728448000;1715257344;4572000256;72.8;13938466816;5203107840
2026-08-23 11:23:25;mimiomia;5.5;4.4;1.0;94.4;81.2;4519059456;467984384;2730549248;1715257344;4572000256;72.8;13938466816;5203107840
2026-08-23 11:23:36;mimiomia;4.9;4.1;0.8;94.8;82.5;4597858304;388841472;2783739904;1715257344;4572000256;72.8;13938466816;5203107840
2026-08-23 11:23:47;mimiomia;4.0;4.0;0.9;94.8;82.7;4610002944;376496128;2794782720;1715257344;4572000256;72.8;13938466816;5203107840
2026-08-23 11:23:58;mimiomia;5.1;4.1;1.1;94.6;83.1;4633497600;352333824;2824048640;1715257344;4572000256;72.8;13938466816;5203107840
2026-08-23 11:24:09;mimiomia;4.4;4.0;0.9;94.9;83.1;4630286336;344813568;2813444096;1715257344;4572000256;72.8;13938466816;5203107840
2026-08-23 11:24:20;mimiomia;4.8;4.2;1.0;94.6;82.4;4591804416;383262720;2781368320;1715257344;4572000256;72.8;13938466816;5203107840
2026-08-23 11:24:31;mimiomia;19.7;6.6;1.2;92.1;85.5;4765925376;198811648;2932531200;1714995200;4572262400;72.8;13938466816;5203107840
2026-08-23 11:24:42;mimiomia;5.8;8.8;1.2;89.7;80.0;4465655808;528318464;2619117568;1723383808;4563873792;72.8;13938466816;5203107840
2026-08-23 11:24:53;mimiomia;3.3;4.5;1.1;94.1;80.9;4522692608;475283456;2694127616;1723383808;4563873792;72.8;13938466816;5203107840
2026-08-23 11:25:04;mimiomia;12.0;3.0;0.7;96.0;80.7;4515155968;487485440;2675085312;1723383808;4563873792;72.8;13938466816;5203107840
2026-08-23 11:25:15;mimiomia;4.2;2.4;0.9;96.4;80.5;4498616320;504074240;2676056064;1723383808;4563873792;72.8;13938466816;5203107840
2026-08-23 11:25:26;mimiomia;3.3;6.5;0.8;92.6;81.1;4539068416;463429632;2728275968;1723383808;4563873792;72.8;13938466816;5203107840
2026-08-23 11:25:37;mimiomia;12.9;3.3;0.7;95.7;81.1;4539015168;463261696;2722631680;1723383808;4563873792;72.8;13938466816;5203107840
2026-08-23 11:25:48;mimiomia;17.5;4.8;1.0;94.0;81.5;4551069696;440729600;2718748672;1722859520;4564398080;72.8;13938466816;5203107840
2026-08-23 11:25:59;mimiomia;5.3;6.5;0.9;92.2;82.5;4606902272;380293120;2777038848;1722859520;4564398080;72.8;13938466816;5203107840
2026-08-23 11:26:10;mimiomia;2.5;3.0;0.7;95.9;81.7;4569403392;423563264;2739011584;1722859520;4564398080;72.8;13938466816;5203107840
2026-08-23 11:26:21;mimiomia;5.9;7.0;0.7;92.0;81.9;4576399360;411521024;2760175616;1722597376;4564660224;72.8;13938466816;5203107840
2026-08-23 11:26:32;mimiomia;3.2;8.3;1.1;90.4;82.2;4591456256;395046912;2777030656;1722597376;4564660224;72.8;13938466816;5203107840
2026-08-23 11:26:43;mimiomia;7.5;7.4;1.0;91.5;83.7;4667109376;302247936;2864697344;1722597376;4564660224;72.8;13938466816;5203107840
2026-08-23 11:26:54;mimiomia;18.0;7.2;0.8;91.9;83.3;4645728256;325189632;2851577856;1722597376;4564660224;72.8;13938466816;5203107840
2026-08-23 11:27:05;mimiomia;7.0;9.1;0.8;90.0;83.3;4643262464;327155712;2842714112;1722335232;4564922368;72.8;13938466816;5203107840
2026-08-23 11:27:16;mimiomia;7.1;7.9;0.9;90.9;83.6;4665757696;306307072;2857062400;1722335232;4564922368;72.8;13938466816;5203107840
2026-08-23 11:27:27;mimiomia;4.3;8.5;1.1;90.2;83.5;4651728896;313221120;2840334336;1722335232;4564922368;72.8;13938466816;5203107840
2026-08-23 11:27:38;mimiomia;4.5;2.7;1.4;95.5;83.3;4659281920;324567040;2839392256;1722335232;4564922368;72.8;13938466816;5203107840
2026-08-23 11:27:49;mimiomia;18.3;9.2;1.2;89.5;83.6;4670124032;305520640;2824192000;1722335232;4564922368;72.8;13938466816;5203107840
2026-08-23 11:28:00;mimiomia;6.4;7.3;1.2;91.2;85.7;4772540416;176144384;2986962944;1722073088;4565184512;72.8;13938466816;5203107840
2026-08-23 11:28:11;mimiomia;14.8;10.8;1.4;87.6;85.0;4732399616;217128960;2940116992;1722073088;4565184512;72.8;13938466816;5203107840
2026-08-23 11:28:22;mimiomia;8.4;13.5;1.5;84.9;85.4;4747403264;196669440;2954362880;1722073088;4565184512;72.8;13938466816;5203107840
2026-08-23 11:28:33;mimiomia;4.5;4.3;0.8;94.6;86.1;4803862528;149204992;2987728896;1722073088;4565184512;72.8;13938466816;5203107840
2026-08-23 11:28:44;mimiomia;4.9;4.0;1.0;94.8;85.9;4792180736;163258368;2983907328;1722073088;4565184512;72.8;13938466816;5203107840
2026-08-23 11:28:55;mimiomia;19.8;10.6;1.3;87.9;85.8;4780105728;169975808;2983956480;1722073088;4565184512;72.8;13938466816;5203107840
2026-08-23 11:29:06;mimiomia;6.0;15.1;1.5;83.1;86.3;4810506240;140181504;2999246848;1722073088;4565184512;72.8;13938466816;5203107840
2026-08-23 11:29:17;mimiomia;5.2;5.6;1.1;93.0;86.1;4803899392;150679552;3013697536;1722073088;4565184512;72.8;13938466816;5203107840
2026-08-23 11:29:28;mimiomia;5.5;4.2;1.0;94.7;86.0;4799537152;154959872;3013771264;1722073088;4565184512;72.8;13938466816;5203107840
2026-08-23 11:29:39;mimiomia;9.5;7.1;1.1;91.7;85.8;4774539264;176132096;3030712320;1730461696;4556795904;72.8;13938466816;5203107840
2026-08-23 11:29:50;mimiomia;7.3;5.7;0.9;93.2;82.3;4588744704;385413120;2804916224;1730461696;4556795904;72.8;13938466816;5203107840
2026-08-23 11:30:01;mimiomia;2.3;5.4;0.7;93.7;82.3;4594503680;381480960;2809466880;1730461696;4556795904;72.8;13938466816;5203107840
2026-08-23 11:30:12;mimiomia;5.0;6.7;0.9;92.1;84.1;4692590592;269561856;2909728768;1730461696;4556795904;72.8;13938466816;5203107840
2026-08-23 11:30:23;mimiomia;3.3;3.0;0.9;95.9;83.9;4682358784;285839360;2882560000;1730461696;4556795904;72.8;13938470912;5203103744
2026-08-23 11:30:34;mimiomia;3.7;3.3;1.0;95.4;84.8;4729765888;232452096;2947592192;1729826816;4557430784;72.8;13938470912;5203103744
2026-08-23 11:30:45;mimiomia;1.2;5.8;0.7;93.4;85.0;4748820480;218779648;2954739712;1729564672;4557692928;72.8;13938470912;5203103744
2026-08-23 11:30:56;mimiomia;9.0;13.6;1.6;84.5;85.5;4736622592;206024704;3059388416;1738215424;4549042176;72.8;13938470912;5203103744
2026-08-23 11:31:07;mimiomia;5.4;12.2;1.3;86.4;85.0;4712456192;240521216;2997825536;1738215424;4549042176;72.8;13938470912;5203103744
2026-08-23 11:31:18;mimiomia;27.9;8.7;1.2;89.9;85.1;4713422848;234618880;3010883584;1738215424;4549042176;72.8;13938470912;5203103744
2026-08-23 11:31:29;mimiomia;4.9;11.0;1.2;87.5;85.2;4724666368;223997952;3018133504;1738215424;4549042176;72.8;13938470912;5203103744
2026-08-23 11:31:40;mimiomia;12.1;7.4;1.0;91.3;86.2;4783779840;164687872;3057086464;1737428992;4549828608;72.8;13938470912;5203103744
2026-08-23 11:31:51;mimiomia;21.1;12.8;1.4;85.6;85.5;4768079872;179326976;3105288192;1752371200;4534886400;72.8;13938470912;5203103744
2026-08-23 11:32:02;mimiomia;6.6;7.3;0.9;91.5;85.9;4795039744;155308032;3111911424;1752371200;4534886400;72.8;13938470912;5203103744
2026-08-23 11:32:13;mimiomia;17.5;5.4;1.1;93.3;85.5;4767473664;180944896;3077464064;1752371200;4534886400;72.8;13938470912;5203103744
2026-08-23 11:32:24;mimiomia;5.9;10.0;1.2;88.5;85.8;4786647040;164970496;2567606272;1790119936;4497137664;72.8;13938470912;5203103744
2026-08-23 11:32:35;mimiomia;16.1;5.1;0.8;93.9;86.3;4821905408;136019968;2585473024;1790119936;4497137664;72.8;13938470912;5203103744
2026-08-23 11:32:46;mimiomia;5.2;5.3;1.0;93.5;80.6;4478582784;479293440;2266435584;1790119936;4497137664;72.8;13938470912;5203103744
2026-08-23 11:32:57;mimiomia;4.3;4.3;0.7;94.8;80.8;4485693440;472133632;2279940096;1790119936;4497137664;72.8;13938470912;5203103744
2026-08-23 11:33:08;mimiomia;6.3;10.3;1.1;88.5;81.4;4521566208;434315264;2312495104;1790119936;4497137664;72.8;13938470912;5203103744
2026-08-23 11:33:19;mimiomia;5.1;5.8;0.9;93.1;81.4;4522242048;435773440;2309414912;1790119936;4497137664;72.8;13938470912;5203103744
2026-08-23 11:33:30;mimiomia;23.5;10.5;1.1;88.1;82.0;4558938112;394649600;2339487744;1790119936;4497137664;72.8;13938470912;5203103744
2026-08-23 11:33:41;mimiomia;5.0;6.4;0.9;92.5;84.2;4697460736;259485696;2469543936;1789857792;4497399808;72.8;13938470912;5203103744
2026-08-23 11:33:52;mimiomia;6.3;4.5;0.8;94.5;84.4;4703735808;253124608;2488750080;1789857792;4497399808;72.8;13938470912;5203103744
2026-08-23 11:34:03;mimiomia;6.1;7.4;0.8;91.6;81.6;4535779328;421048320;2306371584;1789857792;4497399808;72.8;13938470912;5203103744
2026-08-23 11:34:14;mimiomia;5.8;4.3;0.7;94.8;81.0;4499554304;457621504;2284838912;1789857792;4497399808;72.8;13938470912;5203103744
2026-08-23 11:34:25;mimiomia;8.2;4.8;1.0;94.1;82.1;4567162880;388579328;2340425728;1789857792;4497399808;72.8;13938470912;5203103744
2026-08-23 11:34:36;mimiomia;20.8;5.6;0.8;93.4;84.5;4695474176;245977088;2465550336;1789595648;4497661952;72.8;13938470912;5203103744
2026-08-23 11:34:47;mimiomia;9.2;14.5;1.5;83.9;86.1;4796051456;157847552;2610630656;1809518592;4477739008;72.8;13938470912;5203103744
2026-08-23 11:34:58;mimiomia;10.4;15.4;1.6;82.9;83.1;4629123072;412848128;2436739072;1818169344;4469088256;72.8;13938470912;5203103744
2026-08-23 11:35:09;mimiomia;12.9;8.1;1.9;89.8;90.5;5059670016;136478720;3293876224;1945047040;4342210560;72.8;13938470912;5203103744
2026-08-23 11:35:20;mimiomia;5.1;3.9;0.9;95.0;90.5;5082234880;139128832;3273355264;1945047040;4342210560;72.8;13938470912;5203103744
2026-08-23 11:35:31;mimiomia;4.7;5.1;0.9;93.8;76.5;4235972608;987070464;2397224960;1945047040;4342210560;72.8;13938470912;5203103744
2026-08-23 11:35:42;mimiomia;5.3;4.7;1.0;94.2;76.5;4230684672;988889088;2408034304;1944522752;4342734848;72.8;13938470912;5203103744
2026-08-23 11:35:53;mimiomia;5.1;4.0;1.0;94.7;76.4;4231376896;990167040;2464227328;1944522752;4342734848;72.8;13938470912;5203103744
2026-08-23 11:36:04;mimiomia;4.2;3.4;0.7;95.7;76.5;4231880704;989614080;2458259456;1944522752;4342734848;72.8;13938470912;5203103744
2026-08-23 11:36:15;mimiomia;4.8;3.9;0.9;95.1;76.1;4210470912;1011073024;2438602752;1944522752;4342734848;72.8;13938470912;5203103744
2026-08-23 11:36:26;mimiomia;4.6;4.0;0.8;95.0;76.3;4221788160;999710720;2442235904;1944522752;4342734848;72.8;13938470912;5203103744
2026-08-23 11:36:37;mimiomia;5.1;3.6;0.8;95.4;77.1;4271177728;949899264;2489438208;1944522752;4342734848;72.8;13938470912;5203103744
2026-08-23 11:36:48;mimiomia;4.7;4.8;0.9;94.1;76.9;4257464320;963543040;2481786880;1944522752;4342734848;72.8;13938470912;5203103744
2026-08-23 11:36:59;mimiomia;3.9;3.7;0.8;95.3;77.0;4265435136;955514880;2485833728;1944522752;4342734848;72.8;13938470912;5203103744
2026-08-23 11:37:10;mimiomia;5.1;3.5;1.0;95.3;76.9;4261601280;959324160;2482737152;1944522752;4342734848;72.8;13938470912;5203103744
2026-08-23 11:37:21;mimiomia;5.3;4.1;0.9;94.8;76.4;4226269184;995004416;2456113152;1944522752;4342734848;72.8;13938470912;5203103744
2026-08-23 11:37:32;mimiomia;5.3;3.5;0.9;95.4;76.4;4228169728;993046528;2460790784;1944522752;4342734848;72.8;13938470912;5203103744
2026-08-23 11:37:43;mimiomia;4.7;4.2;0.9;94.7;77.4;4290265088;930508800;2507354112;1944522752;4342734848;72.8;13938470912;5203103744
2026-08-23 11:37:54;mimiomia;5.2;3.8;0.9;95.0;77.7;4305068032;915636224;2521243648;1944522752;4342734848;72.8;13938470912;5203103744
2026-08-23 11:38:05;mimiomia;5.0;4.2;1.0;94.5;77.7;4308959232;894119936;2541924352;1944260608;4342996992;72.8;13938470912;5203103744
2026-08-23 11:38:16;mimiomia;4.0;4.9;0.9;94.0;77.3;4284858368;918200320;2519695360;1944260608;4342996992;72.8;13938470912;5203103744
2026-08-23 11:38:27;mimiomia;5.5;3.7;0.9;95.2;77.3;4280844288;922116096;2518970368;1944260608;4342996992;72.8;13938470912;5203103744
2026-08-23 11:38:38;mimiomia;4.8;4.1;1.0;94.7;77.3;4284760064;918179840;2520162304;1944260608;4342996992;72.8;13938470912;5203103744
2026-08-23 11:38:49;mimiomia;4.0;3.6;0.8;95.4;77.1;4272984064;929902592;2514558976;1944260608;4342996992;72.8;13938470912;5203103744
2026-08-23 11:39:00;mimiomia;4.9;3.7;1.0;95.1;77.2;4279394304;923455488;2524545024;1944260608;4342996992;72.8;13938470912;5203103744
2026-08-23 11:39:11;mimiomia;4.5;4.0;0.8;94.9;77.3;4285476864;917340160;2529157120;1944260608;4342996992;72.8;13938470912;5203103744
2026-08-23 11:39:22;mimiomia;5.2;3.5;0.9;95.4;76.7;4246102016;956895232;2504179712;1944260608;4342996992;72.8;13938470912;5203103744
2026-08-23 11:39:33;mimiomia;6.5;3.9;1.1;94.7;77.7;4305039360;897335296;2553733120;1944260608;4342996992;72.8;13938470912;5203103744
2026-08-23 11:39:44;mimiomia;4.9;4.8;0.8;94.1;77.7;4304633856;897519616;2545041408;1944260608;4342996992;72.8;13938470912;5203103744
2026-08-23 11:39:55;mimiomia;5.0;3.6;0.8;95.5;77.9;4316631040;884793344;2552315904;1944260608;4342996992;72.8;13938470912;5203103744
2026-08-23 11:40:06;mimiomia;5.0;4.1;0.8;94.9;77.7;4307955712;892985344;2546360320;1944260608;4342996992;72.8;13938470912;5203103744
2026-08-23 11:40:17;mimiomia;4.5;3.3;0.8;95.8;77.5;4296114176;900689920;2544070656;1944260608;4342996992;72.8;13938475008;5203099648
2026-08-23 11:40:28;mimiomia;4.8;3.8;0.9;95.1;77.9;4317483008;878833664;2563297280;1944260608;4342996992;72.8;13938475008;5203099648
2026-08-23 11:40:39;mimiomia;4.1;3.8;0.8;95.2;78.1;4333703168;866795520;2566578176;1944260608;4342996992;72.8;13938475008;5203099648
2026-08-23 11:40:50;mimiomia;4.7;3.5;0.8;95.5;78.0;4333154304;871481344;2568167424;1944260608;4342996992;72.8;13938475008;5203099648
2026-08-23 11:41:01;mimiomia;5.0;5.0;0.8;94.0;77.6;4311871488;894795776;2541596672;1944260608;4342996992;72.8;13938475008;5203099648
2026-08-23 11:41:12;mimiomia;4.7;3.8;0.7;95.4;77.2;4286169088;920883200;2515234816;1944260608;4342996992;72.8;13938475008;5203099648
2026-08-23 11:41:23;mimiomia;5.7;4.0;1.0;94.8;77.2;4287782912;917069824;2527821824;1944260608;4342996992;72.8;13938475008;5203099648
2026-08-23 11:41:34;mimiomia;4.9;4.1;0.9;94.8;78.1;4340641792;863780864;2580680704;1944260608;4342996992;72.8;13938475008;5203099648
2026-08-23 11:41:45;mimiomia;5.3;3.6;1.0;95.2;78.1;4338376704;866021376;2578755584;1944260608;4342996992;72.8;13938475008;5203099648
2026-08-23 11:41:56;mimiomia;5.0;4.4;1.0;94.3;78.3;4353052672;850989056;2589270016;1944260608;4342996992;72.8;13938475008;5203099648
2026-08-23 11:42:07;mimiomia;4.8;3.6;0.8;95.3;77.6;4309315584;895082496;2548252672;1944260608;4342996992;72.8;13938475008;5203099648
2026-08-23 11:42:18;mimiomia;5.1;3.9;1.0;94.8;77.3;4288745472;915603456;2552098816;1944260608;4342996992;72.8;13938475008;5203099648
2026-08-23 11:42:29;mimiomia;4.5;4.9;1.0;93.9;78.1;4338458624;864927744;2582777856;1944260608;4342996992;72.8;13938475008;5203099648
2026-08-23 11:42:40;mimiomia;4.5;3.8;0.9;95.1;78.2;4347064320;856313856;2585317376;1944260608;4342996992;72.8;13938475008;5203099648
2026-08-23 11:42:51;mimiomia;5.3;4.8;1.1;93.9;78.5;4362809344;817086464;2587541504;1944260608;4342996992;72.8;13938475008;5203099648
2026-08-23 11:43:02;mimiomia;4.0;3.8;0.8;95.2;78.4;4357488640;822648832;2580267008;1944260608;4342996992;72.8;13938475008;5203099648
2026-08-23 11:43:13;mimiomia;5.0;4.0;1.1;94.7;78.3;4354084864;825884672;2583592960;1944260608;4342996992;72.8;13938475008;5203099648
2026-08-23 11:43:24;mimiomia;5.1;4.0;1.0;94.8;77.7;4318359552;861696000;2551197696;1944260608;4342996992;72.8;13938475008;5203099648
2026-08-23 11:43:35;mimiomia;5.0;3.7;1.0;95.0;78.5;4364546048;796856320;2593910784;1944260608;4342996992;72.8;13938475008;5203099648
2026-08-23 11:43:46;mimiomia;5.6;3.8;1.1;94.9;78.6;4366876672;794460160;2599960576;1944260608;4342996992;72.8;13938475008;5203099648
2026-08-23 11:43:57;mimiomia;4.5;3.7;0.8;95.4;78.5;4362211328;798662656;2605846528;1944260608;4342996992;72.8;13938475008;5203099648
2026-08-23 11:44:08;mimiomia;5.7;4.7;0.9;94.2;78.2;4347973632;812867584;2584694784;1944260608;4342996992;72.8;13938475008;5203099648
2026-08-23 11:44:19;mimiomia;4.8;3.9;0.9;95.0;77.6;4310933504;850255872;2559127552;1944260608;4342996992;72.8;13938475008;5203099648
2026-08-23 11:44:30;mimiomia;3.9;3.3;0.7;95.8;77.7;4316147712;844079104;2563653632;1944260608;4342996992;72.8;13938475008;5203099648
2026-08-23 11:44:41;mimiomia;4.8;4.0;0.9;94.9;79.0;4392734720;766906368;2626060288;1944260608;4342996992;72.8;13938475008;5203099648
2026-08-23 11:44:52;mimiomia;5.1;3.7;0.6;95.5;79.1;4398632960;760500224;2636169216;1944260608;4342996992;72.8;13938475008;5203099648
2026-08-23 11:45:03;mimiomia;5.8;3.7;0.8;95.3;78.9;4389437440;768962560;2641252352;1944260608;4342996992;72.8;13938475008;5203099648
2026-08-23 11:45:14;mimiomia;4.2;4.1;0.7;95.0;78.8;4383801344;774397952;2633453568;1944260608;4342996992;72.8;13938475008;5203099648
2026-08-23 11:45:25;mimiomia;0.5;4.7;0.7;94.4;78.8;4380995584;776962048;2619985920;1944260608;4342996992;72.8;13938475008;5203099648
2026-08-23 11:45:36;mimiomia;4.3;4.5;0.5;94.8;78.0;4332371968;825516032;2557710336;1944133632;4343123968;72.8;13938475008;5203099648
2026-08-23 11:45:47;mimiomia;5.3;3.8;0.8;95.2;78.1;4337463296;822968320;2571735040;1944133632;4343123968;72.8;13938475008;5203099648
2026-08-23 11:45:58;mimiomia;5.1;3.9;0.8;95.1;78.1;4339130368;821276672;2577260544;1944133632;4343123968;72.8;13938475008;5203099648
2026-08-23 11:46:09;mimiomia;4.3;3.5;0.9;95.5;78.1;4338024448;822304768;2585739264;1944133632;4343123968;72.8;13938475008;5203099648
2026-08-23 11:46:20;mimiomia;4.9;4.0;1.0;94.8;77.9;4329013248;833761280;2564997120;1944133632;4343123968;72.8;13938475008;5203099648
2026-08-23 11:46:31;mimiomia;3.9;3.7;0.8;95.3;78.2;4347228160;813375488;2577747968;1944133632;4343123968;72.8;13938475008;5203099648
2026-08-23 11:46:42;mimiomia;5.4;3.7;1.1;95.0;79.2;4407123968;752627712;2648694784;1943871488;4343386112;72.8;13938475008;5203099648
2026-08-23 11:46:53;mimiomia;4.3;4.0;0.9;94.9;77.9;4329119744;831291392;2641940480;1944133632;4343123968;72.8;13938475008;5203099648
2026-08-23 11:47:04;mimiomia;4.7;3.6;0.9;95.2;77.8;4323254272;836980736;2620530688;1944133632;4343123968;72.8;13938475008;5203099648
2026-08-23 11:47:15;mimiomia;5.6;4.0;1.1;94.7;78.0;4335820800;824643584;2645483520;1944133632;4343123968;72.8;13938475008;5203099648
2026-08-23 11:47:26;mimiomia;5.2;5.0;0.9;93.9;79.6;4430422016;729305088;2700673024;1943379968;4343877632;72.8;13938475008;5203099648
2026-08-23 11:47:37;mimiomia;5.2;3.6;1.0;95.2;79.8;4444364800;715321344;2720309248;1943379968;4343877632;72.8;13938475008;5203099648
2026-08-23 11:47:48;mimiomia;5.4;4.0;1.0;94.8;80.2;4463865856;695762944;2718949376;1943379968;4343877632;72.8;13938475008;5203099648
2026-08-23 11:47:59;mimiomia;5.9;3.7;1.0;95.1;79.9;4451356672;708227072;2723516416;1943379968;4343877632;72.8;13938475008;5203099648
2026-08-23 11:48:10;mimiomia;5.9;4.0;1.1;94.7;79.7;4436910080;723042304;2698842112;1943379968;4343877632;72.8;13938475008;5203099648
2026-08-23 11:48:21;mimiomia;5.1;3.7;0.9;95.2;78.3;4356202496;806301696;2707542016;1943642112;4343615488;72.8;13938475008;5203099648
2026-08-23 11:48:32;mimiomia;6.3;3.9;1.0;95.0;79.9;4447637504;712577024;2769424384;1943642112;4343615488;72.8;13938475008;5203099648
2026-08-23 11:48:43;mimiomia;4.5;4.1;1.0;94.7;79.6;4430913536;729464832;2785308672;1943904256;4343353344;72.8;13938475008;5203099648
2026-08-23 11:48:54;mimiomia;4.2;3.6;0.9;95.3;79.6;4429570048;731209728;2786959360;1944690688;4342566912;72.8;13938475008;5203099648
2026-08-23 11:49:05;mimiomia;5.1;4.9;1.0;94.0;79.6;4431990784;728596480;2773708800;1944690688;4342566912;72.8;13938475008;5203099648
2026-08-23 11:49:16;mimiomia;3.7;3.7;0.9;95.3;79.2;4405211136;755609600;2740330496;1944690688;4342566912;72.8;13938475008;5203099648
2026-08-23 11:49:27;mimiomia;4.7;3.6;0.8;95.4;79.3;4409573376;751161344;2744111104;1944690688;4342566912;72.8;13938475008;5203099648
2026-08-23 11:49:38;mimiomia;4.7;3.8;1.0;95.0;80.2;4463738880;696549376;2788319232;1944690688;4342566912;72.8;13938475008;5203099648
2026-08-23 11:49:49;mimiomia;4.4;3.5;0.7;95.7;80.0;4455571456;704618496;2781454336;1944690688;4342566912;72.8;13938475008;5203099648
2026-08-23 11:50:00;mimiomia;4.9;3.8;0.8;95.2;79.4;4418985984;742027264;2785705984;1946001408;4341256192;72.8;13938475008;5203099648
2026-08-23 11:50:11;mimiomia;4.9;3.8;0.7;95.3;79.1;4401037312;760799232;2749710336;1946525696;4340731904;72.8;13938475008;5203099648
2026-08-23 11:50:22;mimiomia;5.1;3.6;0.7;95.4;79.4;4417622016;742170624;2763304960;1946263552;4340994048;72.8;13938479104;5203095552
2026-08-23 11:50:33;mimiomia;4.2;4.3;1.0;94.5;80.6;4488822784;669900800;2827149312;1946263552;4340994048;72.8;13938479104;5203095552
2026-08-23 11:50:44;mimiomia;4.2;3.7;0.8;95.3;80.5;4485894144;672796672;2822246400;1946263552;4340994048;72.8;13938479104;5203095552
2026-08-23 11:50:55;mimiomia;4.8;4.7;1.0;94.1;80.2;4464599040;693993472;2797420544;1946263552;4340994048;72.8;13938479104;5203095552
2026-08-23 11:51:06;mimiomia;4.2;4.1;0.8;94.9;79.0;4395393024;764981248;2763141120;1947574272;4339683328;72.8;13938479104;5203095552
2026-08-23 11:51:17;mimiomia;4.8;3.5;0.9;95.4;79.1;4398575616;762277888;2766290944;1947574272;4339683328;72.8;13938479104;5203095552
2026-08-23 11:51:28;mimiomia;4.5;4.3;0.9;94.6;79.2;4409024512;751742976;2779062272;1947574272;4339683328;72.8;13938479104;5203095552
2026-08-23 11:51:39;mimiomia;5.2;3.8;0.9;95.1;80.3;4472950784;687374336;2829357056;1947574272;4339683328;72.8;13938479104;5203095552
2026-08-23 11:51:50;mimiomia;5.6;3.9;1.1;94.8;80.3;4470403072;689872896;2826342400;1947574272;4339683328;72.8;13938479104;5203095552
2026-08-23 11:52:01;mimiomia;5.0;4.1;0.8;94.9;80.3;4470046720;685674496;2836758528;1947574272;4339683328;72.8;13938479104;5203095552
2026-08-23 11:52:12;mimiomia;5.0;4.6;0.9;94.3;80.7;4493541376;661934080;2838241280;1947312128;4339945472;72.8;13938479104;5203095552
2026-08-23 11:52:23;mimiomia;5.2;4.2;0.9;94.7;80.4;4474568704;681111552;2848878592;1947836416;4339421184;72.8;13938479104;5203095552
2026-08-23 11:52:34;mimiomia;5.0;3.8;0.9;95.2;80.2;4464713728;691146752;2849320960;1948098560;4339159040;72.8;13938479104;5203095552
2026-08-23 11:52:45;mimiomia;4.8;3.8;1.0;95.0;80.4;4471652352;684158976;2840637440;1948098560;4339159040;72.8;13938479104;5203095552
2026-08-23 11:52:56;mimiomia;3.7;5.8;1.2;92.8;80.8;4498206720;676777984;2849415168;1960419328;4326838272;72.8;13938479104;5203095552
2026-08-23 11:53:07;mimiomia;4.4;3.9;1.0;95.0;80.6;4489449472;689647616;2850193408;1960419328;4326838272;72.8;13938479104;5203095552
2026-08-23 11:53:18;mimiomia;1.6;5.6;1.0;93.2;80.6;4491112448;686096384;2840539136;1960419328;4326838272;72.8;13938479104;5203095552
2026-08-23 11:53:29;mimiomia;5.4;2.6;0.7;96.7;80.9;4510306304;670126080;2892140544;1961467904;4325789696;72.8;13938479104;5203095552
2026-08-23 11:53:40;mimiomia;4.9;3.9;0.9;94.9;80.4;4477054976;703561728;2889076736;1961730048;4325527552;72.8;13938479104;5203095552
2026-08-23 11:53:51;mimiomia;4.9;4.9;0.9;94.1;80.6;4494082048;691462144;2696560640;1977196544;4310061056;72.8;13938479104;5203095552
2026-08-23 11:54:02;mimiomia;4.7;3.8;1.0;95.0;80.4;4486541312;702029824;2682396672;1977196544;4310061056;72.8;13938479104;5203095552
2026-08-23 11:54:13;mimiomia;4.7;3.6;0.7;95.6;80.4;4484153344;704397312;2676371456;1977196544;4310061056;72.8;13938479104;5203095552
2026-08-23 11:54:24;mimiomia;5.7;3.6;0.8;95.4;80.5;4492963840;695508992;2678845440;1977196544;4310061056;72.8;13938479104;5203095552
2026-08-23 11:54:35;mimiomia;4.7;3.9;0.7;95.1;80.4;4485283840;703156224;2677755904;1977196544;4310061056;72.8;13938479104;5203095552
2026-08-23 11:54:46;mimiomia;4.7;3.5;0.8;95.5;80.1;4470108160;721268736;2683342848;1979555840;4307701760;72.8;13938479104;5203095552
2026-08-23 11:54:57;mimiomia;4.7;3.9;0.9;95.0;80.0;4467646464;725491712;2681229312;1981128704;4306128896;72.8;13938479104;5203095552
2026-08-23 11:55:08;mimiomia;10.6;11.2;1.2;87.4;83.7;4670263296;560955392;2838523904;1997643776;4289613824;72.8;13938479104;5203095552
2026-08-23 11:55:19;mimiomia;4.9;8.4;1.5;89.9;80.3;4468678656;790642688;2555674624;1997905920;4289351680;72.8;13938479104;5203095552
2026-08-23 11:55:30;mimiomia;5.1;4.1;0.9;94.8;79.7;4442009600;822112256;2533007360;1997905920;4289351680;72.8;13938479104;5203095552
2026-08-23 11:55:41;mimiomia;4.6;4.8;0.9;94.1;81.1;4523102208;737411072;2588794880;1997905920;4289351680;72.8;13938479104;5203095552
2026-08-23 11:55:52;mimiomia;4.8;4.1;0.9;94.8;81.0;4520312832;742891520;2592505856;1997905920;4289351680;72.8;13938479104;5203095552
2026-08-23 11:56:03;mimiomia;4.3;3.6;0.7;95.4;80.6;4496052224;750600192;2578206720;1997905920;4289351680;72.8;13938479104;5203095552
2026-08-23 11:56:14;mimiomia;4.5;4.0;0.9;94.9;80.8;4504952832;739323904;2572881920;1997905920;4289351680;72.8;13938479104;5203095552
2026-08-23 11:56:25;mimiomia;1.1;0.7;0.4;98.8;80.9;4514430976;721907712;2568990720;1997905920;4289351680;72.8;13938479104;5203095552
2026-08-23 11:56:36;mimiomia;5.7;2.5;0.4;97.0;81.2;4529885184;704167936;2584842240;1997905920;4289351680;72.8;13938479104;5203095552
2026-08-23 11:56:47;mimiomia;5.2;3.8;1.0;94.9;80.9;4514189312;721747968;2572394496;1997905920;4289351680;72.8;13938479104;5203095552
2026-08-23 11:56:58;mimiomia;5.2;4.0;0.9;94.9;81.1;4526678016;708771840;2584801280;1997905920;4289351680;72.8;13938479104;5203095552
2026-08-23 11:57:09;mimiomia;2.9;6.1;1.2;92.5;78.7;4390678528;865189888;2428293120;1997643776;4289613824;72.8;13938479104;5203095552
2026-08-23 11:57:20;mimiomia;2.7;6.4;0.8;92.3;79.0;4412903424;824414208;2484609024;1995546624;4291710976;72.8;13938479104;5203095552
2026-08-23 11:57:31;mimiomia;11.1;8.6;1.5;89.4;82.9;4616667136;637231104;3010383872;2046664704;4240592896;72.8;13938479104;5203095552
2026-08-23 11:57:42;mimiomia;2.7;6.7;0.9;92.2;83.4;4643643392;612044800;3052556288;2053218304;4234039296;72.8;13938479104;5203095552
2026-08-23 11:57:53;mimiomia;7.2;7.6;1.1;91.2;82.6;4606656512;673218560;3051257856;2068340736;4218916864;72.8;13938479104;5203095552
2026-08-23 11:58:04;mimiomia;4.7;6.5;1.3;91.8;81.9;4557508608;662470656;3027341312;2079080448;4208177152;72.8;13938479104;5203095552
2026-08-23 11:58:15;mimiomia;2.5;2.4;0.7;96.6;82.5;4587438080;620871680;3105447936;2078294016;4208963584;72.8;13938479104;5203095552
2026-08-23 11:58:26;mimiomia;7.3;5.8;1.0;92.8;70.3;3879874560;1356828672;2450190336;1988149248;4299108352;72.8;13938479104;5203095552
2026-08-23 11:58:37;mimiomia;8.2;6.0;1.0;92.9;70.1;3868749824;1370071040;2440720384;1987887104;4299370496;72.8;13938479104;5203095552
2026-08-23 11:58:48;mimiomia;6.2;6.7;0.9;92.2;70.2;3875672064;1363079168;2434146304;1987887104;4299370496;72.8;13938479104;5203095552
2026-08-23 11:58:59;mimiomia;6.5;5.8;0.9;93.1;69.3;3822759936;1414107136;2396405760;1987575808;4299681792;72.8;13938479104;5203095552
2026-08-23 11:59:10;mimiomia;6.9;6.1;0.9;92.8;69.5;3830566912;1406480384;2403028992;1987575808;4299681792;72.8;13938479104;5203095552
2026-08-23 11:59:21;mimiomia;6.5;6.3;0.9;92.6;70.1;3864465408;1369145344;2438049792;1986256896;4301000704;72.8;13938479104;5203095552
2026-08-23 11:59:32;mimiomia;13.2;10.7;2.1;86.7;82.0;4539936768;540684288;3111489536;1971941376;4315316224;72.8;13938479104;5203095552
2026-08-23 11:59:43;mimiomia;6.9;8.9;1.2;89.7;77.2;4274073600;828600320;2888470528;1968414720;4318842880;72.8;13938479104;5203095552
2026-08-23 11:59:54;mimiomia;1.3;1.5;0.6;97.6;76.7;4247248896;855801856;2867990528;1968414720;4318842880;72.8;13938479104;5203095552
2026-08-23 12:00:05;mimiomia;1.3;1.0;0.5;98.3;64.6;3564732416;1587281920;2224820224;1909465088;4377792512;72.8;13938479104;5203095552
2026-08-23 12:00:16;mimiomia;1.4;0.8;0.4;98.7;64.8;3572994048;1579012096;2223661056;1909452800;4377804800;72.8;13938479104;5203095552
2026-08-23 12:00:27;mimiomia;1.5;0.8;0.4;98.6;64.9;3577782272;1570017280;2226683904;1909440512;4377817088;72.8;13938479104;5203095552
2026-08-23 12:00:38;mimiomia;1.1;0.9;0.4;98.5;64.9;3579613184;1568174080;2230894592;1909067776;4378189824;72.8;13938479104;5203095552
2026-08-23 12:00:49;mimiomia;1.1;0.8;0.3;98.7;64.8;3576852480;1570926592;2230456320;1909067776;4378189824;72.8;13938479104;5203095552
2026-08-23 12:01:00;mimiomia;1.4;0.9;0.6;98.3;65.4;3600744448;1537847296;2297757696;1908543488;4378714112;72.8;13938479104;5203095552
2026-08-23 12:01:11;mimiomia;1.2;0.8;0.3;98.7;65.2;3596128256;1546731520;2292064256;1908543488;4378714112;72.8;13938479104;5203095552
2026-08-23 12:01:22;mimiomia;1.5;0.8;0.4;98.7;65.5;3614523392;1528315904;2301751296;1908543488;4378714112;72.8;13938479104;5203095552
2026-08-23 12:01:33;mimiomia;1.0;0.9;0.4;98.6;65.0;3587735552;1558654976;2292547584;1908543488;4378714112;72.8;13938479104;5203095552
2026-08-23 12:01:44;mimiomia;1.2;0.8;0.4;98.7;65.0;3587952640;1558421504;2293694464;1908543488;4378714112;72.8;13938479104;5203095552
2026-08-23 12:01:55;mimiomia;1.2;0.8;0.4;98.8;65.1;3591372800;1554919424;2297032704;1908543488;4378714112;72.8;13938479104;5203095552
2026-08-23 12:02:06;mimiomia;1.6;0.9;0.3;98.6;64.9;3580751872;1565597696;2302824448;1908543488;4378714112;72.8;13938479104;5203095552
2026-08-23 12:02:17;mimiomia;1.3;1.0;0.3;98.5;64.8;3574853632;1571487744;2291490816;1908543488;4378714112;72.8;13938479104;5203095552
2026-08-23 12:02:28;mimiomia;1.3;0.9;0.4;98.5;64.9;3578580992;1567727616;2294534144;1908543488;4378714112;72.8;13938479104;5203095552
2026-08-23 12:02:39;mimiomia;1.4;0.9;0.4;98.5;62.6;3443007488;1703473152;2302414848;1908805632;4378451968;72.8;13938479104;5203095552
2026-08-23 12:02:50;mimiomia;1.6;0.8;0.4;98.6;62.8;3454033920;1692438528;2305163264;1908805632;4378451968;72.8;13938479104;5203095552
2026-08-23 12:03:01;mimiomia;1.4;0.8;0.3;98.7;63.1;3469176832;1677352960;2313015296;1908805632;4378451968;72.8;13938479104;5203095552
2026-08-23 12:03:12;mimiomia;1.3;0.9;0.3;98.7;63.1;3470925824;1675595776;2314182656;1908805632;4378451968;72.8;13938479104;5203095552
2026-08-23 12:03:23;mimiomia;1.4;0.8;0.4;98.6;63.2;3474849792;1669435392;2320556032;1908805632;4378451968;72.8;13938479104;5203095552
2026-08-23 12:03:34;mimiomia;1.3;0.9;0.4;98.5;63.4;3487309824;1658314752;2324189184;1908805632;4378451968;72.8;13938479104;5203095552
2026-08-23 12:03:45;mimiomia;1.4;0.8;0.4;98.7;63.5;3497152512;1648435200;2325856256;1908805632;4378451968;72.8;13938479104;5203095552
2026-08-23 12:03:56;mimiomia;1.4;0.9;0.4;98.5;63.5;3497140224;1648435200;2325536768;1908805632;4378451968;72.8;13938479104;5203095552
2026-08-23 12:04:07;mimiomia;1.1;0.8;0.4;98.7;63.5;3496062976;1649504256;2328481792;1908805632;4378451968;72.8;13938479104;5203095552
2026-08-23 12:04:18;mimiomia;1.4;0.8;0.4;98.6;63.5;3498090496;1647468544;2326859776;1908805632;4378451968;72.8;13938479104;5203095552
2026-08-23 12:04:29;mimiomia;1.3;0.8;0.4;98.7;63.6;3500081152;1645404160;2329882624;1908805632;4378451968;72.8;13938479104;5203095552
2026-08-23 12:04:40;mimiomia;1.3;0.8;0.3;98.8;63.6;3500072960;1645404160;2329628672;1908805632;4378451968;72.8;13938479104;5203095552
2026-08-23 12:04:51;mimiomia;0.3;0.8;0.5;98.2;67.3;3720331264;1295052800;2560630784;1908019200;4379238400;72.8;13938479104;5203095552
2026-08-23 12:05:02;mimiomia;0.3;0.1;0.1;99.8;67.2;3713740800;1301008384;2557280256;1908019200;4379238400;72.8;13938479104;5203095552
2026-08-23 12:05:13;mimiomia;0.2;0.1;0.0;99.9;67.2;3714785280;1299922944;2558222336;1908019200;4379238400;72.8;13938479104;5203095552
2026-08-23 12:05:24;mimiomia;0.1;0.0;0.0;99.9;66.8;3692564480;1325490176;2536603648;1908019200;4379238400;72.8;13938479104;5203095552
2026-08-23 12:05:35;mimiomia;0.3;0.1;0.1;99.8;66.8;3692531712;1325490176;2536787968;1908019200;4379238400;72.8;13938479104;5203095552
2026-08-23 12:05:46;mimiomia;0.2;0.1;0.1;99.9;66.8;3692503040;1325490176;2536939520;1908019200;4379238400;72.8;13938479104;5203095552
2026-08-23 12:05:57;mimiomia;0.0;0.0;0.1;99.8;66.8;3692158976;1325752320;2537185280;1908019200;4379238400;72.8;13938479104;5203095552
2026-08-23 12:06:08;mimiomia;0.0;0.1;0.1;99.8;66.8;3696312320;1321558016;2539335680;1905922048;4381335552;72.8;13938479104;5203095552
2026-08-23 12:06:19;mimiomia;0.0;0.0;0.0;99.9;66.8;3691831296;1326010368;2538762240;1905922048;4381335552;72.8;13938479104;5203095552
2026-08-23 12:06:30;mimiomia;0.1;0.1;0.1;99.9;66.8;3692564480;1325236224;2538901504;1905922048;4381335552;72.8;13938479104;5203095552
2026-08-23 12:06:41;mimiomia;0.0;0.1;0.0;99.9;66.8;3692523520;1325236224;2539163648;1905922048;4381335552;72.8;13938479104;5203095552
2026-08-23 12:06:52;mimiomia;0.1;0.0;0.1;99.9;66.8;3692494848;1325236224;2539331584;1905922048;4381335552;72.8;13938479104;5203095552
2026-08-23 12:07:03;mimiomia;0.0;0.0;0.0;99.9;66.8;3692462080;1325236224;2539450368;1905922048;4381335552;72.8;13938479104;5203095552
2026-08-23 12:07:14;mimiomia;0.1;0.1;0.0;99.9;66.8;3692662784;1325006848;2539524096;1905922048;4381335552;72.8;13938479104;5203095552
2026-08-23 12:07:25;mimiomia;0.3;0.1;0.1;99.8;66.8;3694931968;1322680320;2539958272;1905922048;4381335552;72.8;13938479104;5203095552
2026-08-23 12:07:36;mimiomia;0.0;0.1;0.0;99.9;66.8;3692752896;1324810240;2540527616;1905922048;4381335552;72.8;13938479104;5203095552
2026-08-23 12:07:47;mimiomia;0.1;0.0;0.0;99.9;66.8;3692724224;1324810240;2540707840;1905922048;4381335552;72.8;13938479104;5203095552
2026-08-23 12:07:58;mimiomia;0.1;0.1;0.0;99.9;66.8;3694231552;1323229184;2539986944;1905922048;4381335552;72.8;13938479104;5203095552
2026-08-23 12:08:09;mimiomia;0.1;0.0;0.0;99.9;66.8;3694202880;1323229184;2540621824;1905922048;4381335552;72.8;13938479104;5203095552
2026-08-23 12:08:20;mimiomia;0.1;0.1;0.0;99.9;66.8;3696267264;1321132032;2544971776;1905922048;4381335552;72.8;13938479104;5203095552
2026-08-23 12:08:31;mimiomia;0.1;0.1;0.0;99.9;66.9;3701391360;1315979264;2548555776;1905922048;4381335552;72.8;13938479104;5203095552
2026-08-23 12:08:42;mimiomia;0.1;0.1;0.0;99.9;66.9;3701329920;1315979264;2550681600;1905922048;4381335552;72.8;13938479104;5203095552
2026-08-23 12:08:53;mimiomia;0.1;0.1;0.1;99.9;67.0;3705491456;1311784960;2555506688;1905922048;4381335552;72.8;13938479104;5203095552
2026-08-23 12:09:04;mimiomia;0.0;0.0;0.0;99.9;67.0;3705450496;1311784960;2555731968;1905922048;4381335552;72.8;13938479104;5203095552
2026-08-23 12:09:15;mimiomia;0.2;0.1;0.1;99.8;67.0;3705409536;1311784960;2556538880;1905922048;4381335552;72.8;13938479104;5203095552
2026-08-23 12:09:26;mimiomia;0.1;0.1;0.1;99.9;67.1;3709579264;1307590656;2558881792;1905922048;4381335552;72.8;13938479104;5203095552
2026-08-23 12:09:37;mimiomia;0.1;0.0;0.1;99.9;67.1;3709550592;1307590656;2561355776;1905922048;4381335552;72.8;13938479104;5203095552
2026-08-23 12:09:48;mimiomia;0.2;0.1;0.1;99.9;67.1;3709517824;1307590656;2561392640;1905922048;4381335552;72.8;13938479104;5203095552
2026-08-23 12:09:59;mimiomia;0.0;0.1;0.0;99.9;67.1;3709509632;1307590656;2561597440;1905922048;4381335552;72.8;13938479104;5203095552
2026-08-23 12:10:10;mimiomia;0.1;0.1;0.1;99.9;67.0;3715747840;1309741056;2553368576;1905922048;4381335552;72.8;13938479104;5203095552
2026-08-23 12:10:21;mimiomia;0.0;0.1;0.1;99.8;67.0;3714904064;1310294016;2556039168;1905922048;4381335552;72.8;13938483200;5203091456
2026-08-23 12:10:32;mimiomia;0.2;0.1;0.0;99.9;67.0;3715129344;1310035968;2554105856;1905922048;4381335552;72.8;13938483200;5203091456
2026-08-23 12:10:43;mimiomia;0.1;0.1;0.1;99.9;67.0;3711553536;1313579008;2554015744;1905922048;4381335552;72.8;13938483200;5203091456
2026-08-23 12:10:54;mimiomia;0.0;0.0;0.1;99.9;67.0;3711520768;1313579008;2554187776;1905922048;4381335552;72.8;13938483200;5203091456
2026-08-23 12:11:05;mimiomia;0.2;0.1;0.1;99.9;67.1;3720159232;1304932352;2559066112;1905922048;4381335552;72.8;13938483200;5203091456
2026-08-23 12:11:16;mimiomia;0.0;0.0;0.0;99.9;67.2;3724345344;1300738048;2563104768;1905922048;4381335552;72.8;13938483200;5203091456
2026-08-23 12:11:27;mimiomia;0.0;0.1;0.1;99.9;67.2;3723694080;1301381120;2562928640;1905922048;4381335552;72.8;13938483200;5203091456
2026-08-23 12:11:38;mimiomia;0.2;0.1;0.0;99.8;67.2;3723677696;1301381120;2563584000;1905922048;4381335552;72.8;13938483200;5203091456
2026-08-23 12:11:49;mimiomia;0.0;0.0;0.1;99.9;67.2;3723669504;1301381120;2563276800;1905922048;4381335552;72.8;13938483200;5203091456
2026-08-23 12:12:00;mimiomia;0.0;0.1;0.0;99.9;67.2;3723907072;1301135360;2563923968;1905922048;4381335552;72.8;13938483200;5203091456
2026-08-23 12:12:11;mimiomia;0.2;0.1;0.0;99.9;67.2;3723866112;1301168128;2563407872;1905922048;4381335552;72.8;13938483200;5203091456
2026-08-23 12:12:22;mimiomia;0.4;0.1;0.1;99.9;67.2;3726213120;1298669568;2574663680;1905922048;4381335552;72.8;13938483200;5203091456
2026-08-23 12:12:33;mimiomia;0.1;0.1;0.1;99.7;67.3;3733049344;1286205440;2579156992;1905922048;4381335552;72.8;13938483200;5203091456
2026-08-23 12:12:44;mimiomia;0.1;0.1;0.0;99.9;67.3;3731316736;1287708672;2576314368;1905922048;4381335552;72.8;13938483200;5203091456
2026-08-23 12:12:55;mimiomia;0.1;0.1;0.1;99.9;67.1;3720679424;1298587648;2567122944;1905922048;4381335552;72.8;13938483200;5203091456
2026-08-23 12:13:06;mimiomia;0.1;0.1;0.1;99.9;67.1;3720654848;1298587648;2567102464;1905922048;4381335552;72.8;13938483200;5203091456
2026-08-23 12:13:17;mimiomia;0.1;0.0;0.1;99.9;67.2;3726700544;1277546496;2563133440;1905922048;4381335552;72.8;13938483200;5203091456
2026-08-23 12:13:28;mimiomia;0.1;0.1;0.1;99.9;67.2;3726139392;1278099456;2563149824;1905922048;4381335552;72.8;13938483200;5203091456
2026-08-23 12:13:39;mimiomia;0.2;0.0;0.1;99.9;67.2;3726118912;1278099456;2563739648;1905922048;4381335552;72.8;13938483200;5203091456
2026-08-23 12:13:50;mimiomia;0.0;0.1;0.0;99.9;67.2;3725836288;1278357504;2563670016;1905922048;4381335552;72.8;13938483200;5203091456
2026-08-23 12:14:01;mimiomia;0.1;0.1;0.0;99.9;67.2;3725312000;1278873600;2563596288;1905922048;4381335552;72.8;13938483200;5203091456
2026-08-23 12:14:12;mimiomia;0.1;0.1;0.0;99.9;67.2;3725303808;1278873600;2564186112;1905922048;4381335552;72.8;13938483200;5203091456
2026-08-23 12:14:23;mimiomia;0.2;0.1;0.1;99.9;67.2;3725463552;1278705664;2564358144;1905922048;4381335552;72.8;13938483200;5203091456
2026-08-23 12:14:34;mimiomia;0.1;0.1;0.1;99.9;67.3;3729371136;1274769408;2564075520;1905922048;4381335552;72.8;13938483200;5203091456
2026-08-23 12:14:45;mimiomia;0.1;0.1;0.1;99.9;67.3;3728650240;1275461632;2564886528;1905922048;4381335552;72.8;13938483200;5203091456
2026-08-23 12:18:54;mimiomia;0.4;1.6;1.6;95.7;74.0;4121616384;814624768;2174595072;1907552256;4379705344;72.8;13938491392;5203083264
2026-08-23 12:19:05;mimiomia;1.3;1.4;0.4;98.0;72.5;4028358656;901312512;2127810560;1907290112;4379967488;72.8;13938491392;5203083264
2026-08-23 12:19:16;mimiomia;0.2;2.7;0.6;96.5;72.8;4049100800;883798016;2158383104;1907027968;4380229632;72.8;13938491392;5203083264
2026-08-23 12:19:27;mimiomia;5.1;6.1;1.5;92.0;79.8;4436262912;397500416;2601357312;1904599040;4382658560;72.8;13938483200;5203091456
2026-08-23 12:19:38;mimiomia;3.6;2.9;1.0;96.0;79.5;4398510080;410341376;2614800384;1907220480;4380037120;72.8;13938483200;5203091456
2026-08-23 12:19:49;mimiomia;3.8;2.7;0.9;96.1;79.8;4411731968;391680000;2617667584;1907220480;4380037120;72.8;13938483200;5203091456
2026-08-23 12:20:00;mimiomia;4.1;2.5;0.8;96.6;60.4;3290222592;1571602432;1754591232;1877725184;4409532416;72.8;13938483200;5203091456
2026-08-23 12:20:11;mimiomia;5.0;3.4;1.2;95.3;61.5;3351863296;1496481792;1836879872;1876938752;4410318848;72.8;13938487296;5203087360
2026-08-23 12:20:22;mimiomia;3.4;3.4;1.2;95.3;63.5;3453923328;1371619328;1960693760;1876414464;4410843136;72.8;13938487296;5203087360
2026-08-23 12:20:33;mimiomia;8.4;4.1;1.7;94.1;61.4;3333767168;1488502784;1845616640;1876152320;4411105280;72.8;13938487296;5203087360
2026-08-23 12:20:44;mimiomia;5.3;4.0;1.5;94.4;61.7;3340963840;1467322368;1878409216;1876152320;4411105280;72.8;13938487296;5203087360
2026-08-23 12:20:55;mimiomia;4.4;3.4;1.3;95.2;61.7;3317809152;1469337600;1880760320;1876152320;4411105280;72.8;13938487296;5203087360
2026-08-23 12:21:06;mimiomia;4.3;3.2;1.0;95.6;62.0;3326558208;1452171264;1903226880;1876152320;4411105280;72.8;13938487296;5203087360
2026-08-23 12:21:17;mimiomia;4.7;3.5;1.1;95.3;62.1;3336273920;1443545088;1915510784;1876152320;4411105280;72.8;13938487296;5203087360
2026-08-23 12:21:28;mimiomia;4.6;3.0;1.1;95.7;62.2;3339968512;1439629312;1924390912;1876152320;4411105280;72.8;13938487296;5203087360
2026-08-23 12:21:39;mimiomia;4.1;3.1;1.2;95.5;62.3;3345088512;1433194496;1926656000;1876152320;4411105280;72.8;13938487296;5203087360
2026-08-23 12:21:50;mimiomia;3.5;3.8;1.5;94.4;66.1;3589410816;1197879296;2109550592;1876152320;4411105280;72.8;13938487296;5203087360
2026-08-23 12:22:01;mimiomia;2.5;2.3;0.9;96.4;63.1;3412058112;1377460224;1939144704;1876152320;4411105280;72.8;13938487296;5203087360
2026-08-23 12:22:12;mimiomia;2.5;1.5;0.8;97.4;62.9;3403157504;1390555136;1941504000;1876152320;4411105280;72.8;13938487296;5203087360
2026-08-23 12:22:23;mimiomia;2.8;1.6;0.7;97.4;63.0;3413000192;1380802560;1942810624;1876152320;4411105280;72.8;13938487296;5203087360
2026-08-23 12:22:34;mimiomia;2.7;1.9;0.7;97.0;62.7;3394187264;1399590912;1945681920;1876152320;4411105280;72.8;13938487296;5203087360
2026-08-23 12:22:45;mimiomia;2.9;1.8;0.7;97.2;62.7;3393380352;1400381440;1945858048;1876152320;4411105280;72.8;13938487296;5203087360
2026-08-23 12:22:56;mimiomia;2.6;2.1;0.7;97.0;64.1;3471634432;1318596608;1973293056;1876152320;4411105280;72.8;13938487296;5203087360
2026-08-23 12:23:07;mimiomia;3.0;1.7;0.7;97.3;63.6;3446030336;1344176128;1965510656;1876152320;4411105280;72.8;13938487296;5203087360
2026-08-23 12:23:18;mimiomia;2.7;1.6;0.7;97.3;63.6;3442360320;1347616768;1964109824;1876152320;4411105280;72.8;13938487296;5203087360
2026-08-23 12:23:29;mimiomia;4.3;2.3;0.9;96.5;63.8;3450978304;1336541184;1972346880;1875890176;4411367424;72.8;13938487296;5203087360
2026-08-23 12:23:40;mimiomia;4.0;3.8;1.0;95.0;64.4;3483992064;1300295680;2035601408;1875890176;4411367424;72.8;13938487296;5203087360
2026-08-23 12:23:51;mimiomia;4.8;3.1;1.3;95.5;64.8;3495518208;1273020416;2059849728;1875890176;4411367424;72.8;13938487296;5203087360
2026-08-23 12:24:02;mimiomia;4.3;3.1;1.3;95.4;64.6;3501633536;1282932736;2033111040;1875890176;4411367424;72.8;13938487296;5203087360
2026-08-23 12:24:13;mimiomia;4.2;3.1;1.4;95.4;65.1;3514912768;1257025536;2060632064;1875890176;4411367424;72.8;13938487296;5203087360
2026-08-23 12:24:24;mimiomia;7.6;4.1;1.4;94.3;64.8;3497553920;1269297152;2049712128;1875890176;4411367424;72.8;13938487296;5203087360
2026-08-23 12:24:35;mimiomia;5.1;4.0;1.5;94.2;67.0;3648241664;1131503616;2135957504;1875890176;4411367424;72.8;13938487296;5203087360
2026-08-23 12:24:46;mimiomia;6.1;3.9;1.4;94.4;66.7;3632926720;1137770496;2143105024;1875890176;4411367424;72.8;13938487296;5203087360
2026-08-23 12:24:57;mimiomia;4.8;3.4;1.4;95.0;65.8;3576606720;1191981056;2110795776;1875628032;4411629568;72.8;13938487296;5203087360
2026-08-23 12:25:08;mimiomia;7.7;3.5;1.4;95.0;66.3;3590119424;1161961472;2132561920;1875628032;4411629568;72.8;13938487296;5203087360
2026-08-23 12:25:19;mimiomia;4.2;3.1;0.9;95.9;66.0;3571286016;1183252480;2121744384;1875628032;4411629568;72.8;13938487296;5203087360
2026-08-23 12:25:30;mimiomia;4.0;3.8;1.0;95.1;66.2;3601412096;1167204352;2136633344;1875628032;4411629568;72.8;13938487296;5203087360
2026-08-23 12:25:41;mimiomia;3.9;2.8;0.8;96.0;65.9;3582468096;1183744000;2137956352;1875365888;4411891712;72.8;13938487296;5203087360
2026-08-23 12:25:52;mimiomia;3.7;3.7;1.0;95.1;67.0;3650027520;1110937600;2192207872;1875365888;4411891712;72.8;13938487296;5203087360
2026-08-23 12:26:03;mimiomia;4.3;3.4;0.9;95.3;66.2;3601829888;1156476928;2149220352;1875365888;4411891712;72.8;13938487296;5203087360
2026-08-23 12:26:14;mimiomia;4.1;3.2;0.9;95.7;66.5;3625005056;1135177728;2149695488;1875103744;4412153856;72.8;13938487296;5203087360
2026-08-23 12:26:25;mimiomia;3.4;3.0;0.9;95.9;66.3;3604566016;1147453440;2162143232;1875103744;4412153856;72.8;13938487296;5203087360
2026-08-23 12:26:36;mimiomia;4.2;3.0;0.9;96.0;66.5;3607121920;1136668672;2166317056;1875103744;4412153856;72.8;13938487296;5203087360
2026-08-23 12:26:47;mimiomia;3.2;3.7;1.1;95.1;66.6;3630903296;1128505344;2159247360;1875103744;4412153856;72.8;13938487296;5203087360
2026-08-23 12:26:58;mimiomia;9.1;4.4;1.1;94.2;67.9;3700101120;1036959744;2186870784;1875103744;4412153856;72.8;13938487296;5203087360
2026-08-23 12:27:09;mimiomia;4.3;3.5;1.0;95.1;67.6;3674386432;1052258304;2193518592;1875103744;4412153856;72.8;13938487296;5203087360
2026-08-23 12:27:20;mimiomia;4.1;3.4;1.1;95.1;67.8;3682004992;1042264064;2200035328;1875103744;4412153856;72.8;13938487296;5203087360
2026-08-23 12:27:31;mimiomia;4.9;3.3;1.1;95.2;67.7;3696431104;1043943424;2200154112;1874841600;4412416000;72.8;13938487296;5203087360
2026-08-23 12:27:42;mimiomia;4.6;3.1;1.2;95.3;67.9;3704856576;1033654272;2224631808;1874579456;4412678144;72.8;13938487296;5203087360
2026-08-23 12:27:53;mimiomia;4.5;3.5;1.1;94.9;68.2;3706740736;1017327616;2238537728;1874579456;4412678144;72.8;13938487296;5203087360
2026-08-23 12:28:05;mimiomia;4.7;3.3;1.1;95.4;68.2;3708895232;1015296000;2241847296;1874317312;4412940288;72.8;13938487296;5203087360
2026-08-23 12:28:16;mimiomia;4.0;3.3;1.0;95.3;68.3;3713892352;1010270208;2241343488;1874317312;4412940288;72.8;13938487296;5203087360
2026-08-23 12:28:27;mimiomia;6.3;4.3;1.2;94.2;68.1;3723976704;1013264384;2234167296;1874317312;4412940288;72.8;13938487296;5203087360
2026-08-23 12:28:38;mimiomia;5.1;3.6;1.3;94.9;67.9;3705761792;1028313088;2238038016;1874055168;4413202432;72.8;13938487296;5203087360
2026-08-23 12:28:49;mimiomia;5.1;3.7;1.5;94.7;67.7;3694956544;1041899520;2238337024;1874055168;4413202432;72.8;13938487296;5203087360
2026-08-23 12:29:00;mimiomia;5.8;4.2;1.6;94.0;67.3;3672858624;1064087552;2189045760;1873793024;4413464576;72.8;13938487296;5203087360
2026-08-23 12:29:11;mimiomia;4.8;3.7;1.5;94.6;68.1;3718397952;1007370240;2233303040;1873793024;4413464576;72.8;13938487296;5203087360
2026-08-23 12:29:22;mimiomia;3.9;3.4;1.3;95.0;68.4;3736055808;981086208;2279092224;1873793024;4413464576;72.8;13938487296;5203087360
2026-08-23 12:29:33;mimiomia;5.3;3.4;1.2;95.0;67.9;3708657664;1007099904;2249830400;1873793024;4413464576;72.8;13938487296;5203087360
2026-08-23 12:29:44;mimiomia;5.0;3.7;1.2;95.0;67.8;3706281984;1012588544;2238210048;1873793024;4413464576;72.8;13938487296;5203087360
2026-08-23 12:29:55;mimiomia;4.2;3.6;1.0;95.3;67.1;3661066240;1055797248;2201194496;1873793024;4413464576;72.8;13938487296;5203087360
2026-08-23 12:30:06;mimiomia;4.1;3.8;1.0;94.9;69.2;3784515584;925945856;2290782208;1873793024;4413464576;72.8;13938487296;5203087360
2026-08-23 12:30:17;mimiomia;3.4;2.9;0.8;96.0;69.1;3769372672;929685504;2299011072;1873793024;4413464576;72.8;13938491392;5203083264
2026-08-23 12:30:28;mimiomia;4.5;3.6;0.9;95.2;68.6;3757395968;955166720;2270699520;1873793024;4413464576;72.8;13938491392;5203083264
2026-08-23 12:30:39;mimiomia;3.6;2.9;0.8;95.9;68.3;3736580096;974979072;2254708736;1873793024;4413464576;72.8;13938491392;5203083264
2026-08-23 12:30:50;mimiomia;4.4;3.1;0.8;95.8;68.4;3744645120;964677632;2256998400;1873793024;4413464576;72.8;13938491392;5203083264
2026-08-23 12:31:01;mimiomia;4.9;3.7;0.9;95.2;68.5;3750137856;958881792;2255237120;1873793024;4413464576;72.8;13938491392;5203083264
2026-08-23 12:31:12;mimiomia;4.9;4.2;1.0;94.8;68.4;3741532160;964390912;2255810560;1873793024;4413464576;72.8;13938491392;5203083264
2026-08-23 12:31:23;mimiomia;4.4;4.0;1.1;94.7;68.4;3744960512;960557056;2251718656;1873793024;4413464576;72.8;13938491392;5203083264
2026-08-23 12:31:34;mimiomia;4.3;3.2;0.9;95.7;68.4;3742380032;960012288;2252832768;1873793024;4413464576;72.8;13938491392;5203083264
2026-08-23 12:31:45;mimiomia;4.6;3.0;1.0;95.6;68.2;3729133568;974389248;2253889536;1873793024;4413464576;72.8;13938491392;5203083264
2026-08-23 12:31:56;mimiomia;4.0;3.3;1.1;95.3;68.8;3752501248;936378368;2264510464;1873793024;4413464576;72.8;13938491392;5203083264
2026-08-23 12:32:07;mimiomia;4.6;2.9;1.0;95.7;67.7;3685113856;1003749376;2214281216;1873793024;4413464576;72.8;13938491392;5203083264
2026-08-23 12:32:18;mimiomia;4.7;3.1;1.1;95.4;67.4;3667173376;1021681664;2214965248;1873793024;4413464576;72.8;13938491392;5203083264
2026-08-23 12:32:29;mimiomia;4.9;3.3;1.2;95.2;65.0;3537010688;1168326656;2071568384;1873530880;4413726720;72.8;13938491392;5203083264
2026-08-23 12:32:40;mimiomia;4.6;4.1;1.1;94.5;66.9;3630440448;1044594688;2180513792;1873268736;4413988864;72.8;13938491392;5203083264
2026-08-23 12:32:51;mimiomia;4.6;3.4;1.2;95.2;67.6;3689807872;999604224;2196418560;1873268736;4413988864;72.8;13938491392;5203083264
2026-08-23 12:33:02;mimiomia;5.1;3.3;1.3;95.2;68.1;3722555392;968822784;2225733632;1873268736;4413988864;72.8;13938491392;5203083264
2026-08-23 12:33:13;mimiomia;4.7;3.4;1.2;95.2;68.0;3717177344;978112512;2217115648;1873268736;4413988864;72.8;13938491392;5203083264
2026-08-23 12:33:24;mimiomia;4.3;3.0;1.2;95.5;68.4;3731828736;951672832;2245844992;1873268736;4413988864;72.8;13938491392;5203083264
2026-08-23 12:33:35;mimiomia;4.5;3.3;1.2;95.3;68.5;3733471232;938168320;2255654912;1873268736;4413988864;72.8;13938491392;5203083264
2026-08-23 12:33:46;mimiomia;4.4;3.2;1.1;95.4;68.2;3714904064;956723200;2244718592;1873268736;4413988864;72.8;13938491392;5203083264
2026-08-23 12:33:57;mimiomia;4.6;3.7;1.4;94.6;68.6;3735748608;930660352;2241003520;1873268736;4413988864;72.8;13938491392;5203083264
2026-08-23 12:34:08;mimiomia;4.6;3.3;1.3;95.3;68.3;3718971392;949526528;2237902848;1873268736;4413988864;72.8;13938491392;5203083264
2026-08-23 12:34:19;mimiomia;4.5;3.7;1.2;95.0;68.9;3770306560;908038144;2284032000;1873268736;4413988864;72.8;13938491392;5203083264
2026-08-23 12:34:30;mimiomia;4.5;3.5;1.0;95.4;69.2;3787534336;887164928;2258128896;1873006592;4414251008;72.8;13938491392;5203083264
2026-08-23 12:34:41;mimiomia;4.2;3.1;0.9;95.6;66.2;3605725184;1067974656;2127974400;1873006592;4414251008;72.8;13938491392;5203083264
2026-08-23 12:34:52;mimiomia;3.5;2.8;0.7;96.1;66.7;3636187136;1044922368;2142224384;1873006592;4414251008;72.8;13938491392;5203083264
2026-08-23 12:35:03;mimiomia;4.2;3.4;0.8;95.4;67.9;3708223488;957915136;2217172992;1873006592;4414251008;72.8;13938491392;5203083264
2026-08-23 12:35:14;mimiomia;8.8;4.1;0.9;94.8;68.6;3744423936;910622720;2265841664;1873006592;4414251008;72.8;13938491392;5203083264
2026-08-23 12:35:25;mimiomia;6.5;3.6;0.9;95.3;68.5;3737841664;911765504;2246348800;1873006592;4414251008;72.8;13938491392;5203083264
2026-08-23 12:35:36;mimiomia;9.2;3.8;1.0;95.0;67.0;3650772992;996773888;2178969600;1872744448;4414513152;72.8;13938491392;5203083264
2026-08-23 12:35:47;mimiomia;4.6;3.7;1.0;95.2;67.4;3675828224;973299712;2207518720;1872744448;4414513152;72.8;13938491392;5203083264
2026-08-23 12:35:58;mimiomia;4.6;4.0;1.0;94.8;68.8;3749781504;882200576;2254688256;1872744448;4414513152;72.8;13938491392;5203083264
2026-08-23 12:36:09;mimiomia;4.8;4.6;0.9;94.4;68.7;3757010944;882958336;2253611008;1872744448;4414513152;72.8;13938491392;5203083264
2026-08-23 12:36:20;mimiomia;6.6;4.3;1.1;94.6;68.8;3755827200;878665728;2279055360;1872744448;4414513152;72.8;13938491392;5203083264
2026-08-23 12:36:31;mimiomia;6.6;5.0;1.3;93.6;69.4;3778248704;841752576;2318192640;1862074368;4425183232;72.8;13938491392;5203083264
2026-08-23 12:36:42;mimiomia;2.0;3.2;0.9;95.7;66.9;3668140032;990871552;2154479616;1862074368;4425183232;72.8;13938491392;5203083264
2026-08-23 12:36:53;mimiomia;6.6;1.4;0.6;97.9;66.7;3648188416;1004445696;2163175424;1862074368;4425183232;72.8;13938491392;5203083264
2026-08-23 12:37:04;mimiomia;6.1;6.0;1.1;92.8;67.9;3712086016;933171200;2225868800;1861550080;4425707520;72.8;13938491392;5203083264
2026-08-23 12:37:15;mimiomia;7.2;5.8;1.2;92.9;69.4;3800358912;833257472;2313457664;1861025792;4426231808;72.8;13938491392;5203083264
2026-08-23 12:37:26;mimiomia;5.9;3.4;1.1;95.4;67.7;3703455744;941522944;2209230848;1860501504;4426756096;72.8;13938491392;5203083264
2026-08-23 12:37:37;mimiomia;3.7;4.9;1.2;93.8;68.9;3767832576;865030144;2282131456;1860501504;4426756096;72.8;13938491392;5203083264
2026-08-23 12:37:48;mimiomia;2.8;4.4;1.5;93.9;72.7;3976720384;610664448;2476642304;1859452928;4427804672;72.8;13938491392;5203083264
2026-08-23 12:37:59;mimiomia;5.3;5.2;1.5;93.3;68.5;3754455040;855261184;2264899584;1859182592;4428075008;72.8;13938491392;5203083264
2026-08-23 12:38:10;mimiomia;10.0;5.3;1.6;93.1;66.8;3640283136;954081280;2183471104;1859182592;4428075008;72.8;13938491392;5203083264
2026-08-23 12:38:21;mimiomia;6.0;4.9;1.8;93.3;67.4;3656077312;923095040;2216095744;1859182592;4428075008;72.8;13938491392;5203083264
2026-08-23 12:38:32;mimiomia;5.7;3.6;1.5;94.8;67.2;3665899520;932225024;2226753536;1858920448;4428337152;72.8;13938491392;5203083264
2026-08-23 12:38:43;mimiomia;5.0;4.1;1.6;94.3;67.3;3671187456;924536832;2237558784;1858920448;4428337152;72.8;13938491392;5203083264
2026-08-23 12:38:54;mimiomia;5.4;4.0;1.5;94.5;67.9;3692175360;887074816;2263048192;1858920448;4428337152;72.8;13938491392;5203083264
2026-08-23 12:39:05;mimiomia;4.9;4.0;1.1;94.8;68.0;3694624768;884609024;2267619328;1858920448;4428337152;72.8;13938491392;5203083264
2026-08-23 12:39:16;mimiomia;8.5;4.0;1.2;94.8;68.1;3703132160;876060672;2269855744;1858920448;4428337152;72.8;13938491392;5203083264
2026-08-23 12:39:27;mimiomia;5.4;3.8;1.0;95.2;68.4;3719155712;859496448;2280591360;1858920448;4428337152;72.8;13938491392;5203083264
2026-08-23 12:39:38;mimiomia;4.4;4.2;1.1;94.6;68.4;3721572352;856104960;2287321088;1858920448;4428337152;72.8;13938491392;5203083264
2026-08-23 12:39:49;mimiomia;4.9;4.1;1.1;94.8;68.5;3728420864;849248256;2293723136;1858920448;4428337152;72.8;13938491392;5203083264
2026-08-23 12:40:00;mimiomia;5.1;4.2;1.1;94.6;68.8;3739377664;833638400;2302377984;1858920448;4428337152;72.8;13938491392;5203083264
2026-08-23 12:40:11;mimiomia;6.0;4.1;1.1;94.8;68.7;3735908352;841396224;2299527168;1858920448;4428337152;72.8;13938491392;5203083264
2026-08-23 12:40:22;mimiomia;5.4;4.3;1.1;94.6;68.6;3732688896;844398592;2308526080;1858920448;4428337152;72.8;13938491392;5203083264
2026-08-23 12:40:33;mimiomia;4.7;4.7;1.2;93.3;69.7;3797213184;779718656;2378690560;1856823296;4430434304;72.8;13938491392;5203083264
2026-08-23 12:40:44;mimiomia;5.5;4.5;1.1;94.4;69.8;3802796032;774111232;2387963904;1856823296;4430434304;72.8;13938491392;5203083264
2026-08-23 12:40:55;mimiomia;4.6;4.9;1.1;94.0;70.2;3825324032;746921984;2391031808;1856823296;4430434304;72.8;13938491392;5203083264
2026-08-23 12:41:06;mimiomia;4.9;4.1;0.9;95.0;70.0;3830546432;762703872;2375606272;1856823296;4430434304;72.8;13938491392;5203083264
2026-08-23 12:41:17;mimiomia;7.2;3.9;1.0;95.2;70.4;3853508608;735625216;2408763392;1856823296;4430434304;72.8;13938491392;5203083264
2026-08-23 12:41:28;mimiomia;4.7;4.0;1.3;94.7;70.5;3847340032;727150592;2402660352;1856823296;4430434304;72.8;13938491392;5203083264
2026-08-23 12:41:39;mimiomia;8.2;4.2;1.1;94.6;70.4;3837038592;737243136;2401980416;1856823296;4430434304;72.8;13938491392;5203083264
2026-08-23 12:41:50;mimiomia;6.6;4.3;1.3;94.3;72.7;3987697664;589119488;2517295104;1856823296;4430434304;72.8;13938491392;5203083264
2026-08-23 12:42:01;mimiomia;5.4;3.4;1.1;95.4;72.1;3954278400;622424064;2490335232;1856823296;4430434304;72.8;13938491392;5203083264
2026-08-23 12:42:12;mimiomia;4.5;4.0;1.3;94.5;72.0;3954233344;618139648;2484637696;1856823296;4430434304;72.8;13938491392;5203083264
2026-08-23 12:42:23;mimiomia;4.5;4.3;1.3;94.3;72.4;3977027584;574918656;2508021760;1856823296;4430434304;72.8;13938491392;5203083264
2026-08-23 12:42:34;mimiomia;4.9;3.7;1.4;94.8;72.5;3979939840;571478016;2512998400;1856823296;4430434304;72.8;13938491392;5203083264
2026-08-23 12:42:45;mimiomia;5.9;3.7;1.4;94.7;72.5;3985461248;570703872;2522128384;1856823296;4430434304;72.8;13938491392;5203083264
2026-08-23 12:42:56;mimiomia;4.7;3.9;1.3;94.6;71.9;3945406464;608342016;2487349248;1856823296;4430434304;72.8;13938491392;5203083264
2026-08-23 12:43:07;mimiomia;4.3;3.2;1.4;95.2;72.7;3978330112;559312896;2508795904;1856823296;4430434304;72.8;13938491392;5203083264
2026-08-23 12:43:18;mimiomia;6.4;3.5;1.3;95.0;72.3;3949838336;582262784;2503278592;1856823296;4430434304;72.8;13938491392;5203083264
2026-08-23 12:43:29;mimiomia;4.8;3.8;1.5;94.5;72.1;3954622464;594554880;2487259136;1856823296;4430434304;72.8;13938491392;5203083264
2026-08-23 12:43:40;mimiomia;4.0;3.7;1.2;95.0;72.2;3967389696;579571712;2509041664;1856823296;4430434304;72.8;13938491392;5203083264
2026-08-23 12:43:51;mimiomia;4.1;3.2;0.9;95.9;72.1;3962236928;584601600;2502549504;1856823296;4430434304;72.8;13938491392;5203083264
2026-08-23 12:44:02;mimiomia;4.1;4.2;0.9;94.8;71.3;3910868992;634621952;2441601024;1856823296;4430434304;72.8;13938491392;5203083264
2026-08-23 12:44:13;mimiomia;6.0;3.5;1.0;95.4;68.9;3764887552;775565312;2308190208;1856823296;4430434304;72.8;13938491392;5203083264
2026-08-23 12:44:24;mimiomia;5.2;3.9;1.0;95.0;69.5;3799060480;734412800;2346561536;1856561152;4430696448;72.8;13938491392;5203083264
2026-08-23 12:44:35;mimiomia;5.3;3.5;1.0;95.5;69.7;3814891520;724684800;2375700480;1856561152;4430696448;72.8;13938491392;5203083264
2026-08-23 12:44:46;mimiomia;4.4;4.0;1.0;94.9;70.1;3831922688;701485056;2400100352;1856561152;4430696448;72.8;13938491392;5203083264
2026-08-23 12:44:57;mimiomia;4.3;3.8;1.2;94.9;70.3;3834126336;686911488;2416033792;1856561152;4430696448;72.8;13938491392;5203083264
2026-08-23 12:45:08;mimiomia;5.1;4.0;1.1;94.8;70.3;3832381440;688623616;2416676864;1856561152;4430696448;72.8;13938491392;5203083264
2026-08-23 12:45:19;mimiomia;11.2;4.1;1.1;94.8;70.7;3869659136;664547328;2431447040;1856561152;4430696448;72.8;13938491392;5203083264
2026-08-23 12:45:30;mimiomia;5.2;4.5;0.9;94.5;70.5;3862585344;671039488;2429943808;1856561152;4430696448;72.8;13938491392;5203083264
2026-08-23 12:45:41;mimiomia;4.5;4.8;1.0;94.1;71.9;3944411136;581271552;2487242752;1856561152;4430696448;72.8;13938491392;5203083264
2026-08-23 12:45:52;mimiomia;5.4;4.5;1.2;94.3;70.9;3885985792;634904576;2439798784;1856561152;4430696448;72.8;13938491392;5203083264
2026-08-23 12:46:03;mimiomia;4.1;4.0;1.1;94.8;72.0;3953274880;559304704;2487554048;1856561152;4430696448;72.8;13938491392;5203083264
2026-08-23 12:46:14;mimiomia;4.2;3.6;1.0;95.3;69.4;3789713408;719597568;2338447360;1856561152;4430696448;72.8;13938491392;5203083264
2026-08-23 12:46:25;mimiomia;4.5;3.2;1.2;95.4;69.6;3808518144;703787008;2358919168;1856561152;4430696448;72.8;13938491392;5203083264
2026-08-23 12:46:36;mimiomia;3.9;3.1;1.1;95.7;70.0;3828965376;679370752;2396852224;1856561152;4430696448;72.8;13938491392;5203083264
2026-08-23 12:46:47;mimiomia;4.3;3.3;1.0;95.6;70.5;3845234688;647843840;2408398848;1856561152;4430696448;72.8;13938491392;5203083264
2026-08-23 12:46:58;mimiomia;12.6;3.8;1.2;94.8;71.3;3891118080;594305024;2451533824;1856561152;4430696448;72.8;13938491392;5203083264
2026-08-23 12:47:09;mimiomia;6.3;3.8;1.3;94.9;70.9;3879419904;620580864;2427670528;1856561152;4430696448;72.8;13938491392;5203083264
2026-08-23 12:47:20;mimiomia;11.2;5.1;1.7;93.2;71.5;3904741376;572563456;2458722304;1856561152;4430696448;72.8;13938491392;5203083264
2026-08-23 12:47:31;mimiomia;5.4;4.3;1.7;93.9;71.1;3897602048;595865600;2448392192;1856561152;4430696448;72.8;13938491392;5203083264
2026-08-23 12:47:42;mimiomia;4.9;4.0;1.9;94.1;71.2;3909529600;588713984;2459705344;1856561152;4430696448;72.8;13938491392;5203083264
2026-08-23 12:47:53;mimiomia;6.0;3.9;1.6;94.4;70.6;3868901376;625029120;2420109312;1856561152;4430696448;72.8;13938491392;5203083264
2026-08-23 12:48:04;mimiomia;5.5;3.7;1.4;94.9;70.7;3859193856;616022016;2444488704;1856561152;4430696448;72.8;13938491392;5203083264
2026-08-23 12:48:15;mimiomia;3.9;3.8;1.4;94.8;70.7;3856175104;619024384;2441109504;1856561152;4430696448;72.8;13938491392;5203083264
2026-08-23 12:48:26;mimiomia;4.7;3.7;1.0;95.3;70.9;3873964032;603226112;2446311424;1856561152;4430696448;72.8;13938491392;5203083264
2026-08-23 12:48:37;mimiomia;4.5;3.6;1.1;95.3;70.9;3868782592;606314496;2445422592;1856561152;4430696448;72.8;13938491392;5203083264
2026-08-23 12:48:48;mimiomia;5.0;3.7;1.0;95.3;70.8;3863375872;611713024;2444845056;1856561152;4430696448;72.8;13938491392;5203083264
2026-08-23 12:48:59;mimiomia;3.8;4.2;1.1;94.7;71.6;3926478848;555192320;2479472640;1856561152;4430696448;72.8;13938491392;5203083264
2026-08-23 12:49:10;mimiomia;4.4;4.0;1.0;95.0;69.4;3788771328;693989376;2331852800;1856561152;4430696448;72.8;13938491392;5203083264
2026-08-23 12:49:21;mimiomia;5.8;4.9;1.3;93.7;71.2;3899129856;577622016;2443198464;1856561152;4430696448;72.8;13938491392;5203083264
2026-08-23 12:49:32;mimiomia;4.2;3.9;1.1;95.0;70.8;3873013760;598556672;2437246976;1856561152;4430696448;72.8;13938491392;5203083264
2026-08-23 12:49:43;mimiomia;8.7;3.9;1.0;95.0;71.1;3895795712;579694592;2440200192;1856561152;4430696448;72.8;13938491392;5203083264
2026-08-23 12:49:54;mimiomia;4.9;3.9;1.1;94.9;71.5;3905474560;550531072;2462658560;1856561152;4430696448;72.8;13938491392;5203083264
2026-08-23 12:50:05;mimiomia;4.4;4.0;1.0;94.9;71.5;3907579904;548503552;2463100928;1856561152;4430696448;72.8;13938491392;5203083264
2026-08-23 12:50:16;mimiomia;4.9;4.1;1.2;94.6;71.5;3903414272;550506496;2466594816;1856561152;4430696448;72.8;13938495488;5203079168
2026-08-23 12:50:27;mimiomia;5.2;3.7;1.1;95.1;71.4;3900850176;553029632;2468122624;1856561152;4430696448;72.8;13938495488;5203079168
2026-08-23 12:50:38;mimiomia;5.1;3.7;1.0;95.2;71.7;3917856768;535953408;2488246272;1856561152;4430696448;72.8;13938495488;5203079168
2026-08-23 12:50:49;mimiomia;4.2;4.2;1.1;94.6;71.3;3891974144;561823744;2468708352;1856561152;4430696448;72.8;13938495488;5203079168
2026-08-23 12:51:00;mimiomia;4.6;4.2;1.2;94.5;73.1;4012175360;439058432;2531909632;1856299008;4430958592;72.8;13938495488;5203079168
2026-08-23 12:51:11;mimiomia;5.3;3.3;1.2;95.3;73.0;4011737088;441630720;2550534144;1856299008;4430958592;72.8;13938495488;5203079168
2026-08-23 12:51:22;mimiomia;5.0;3.6;1.2;95.0;72.9;3987861504;450813952;2532265984;1856299008;4430958592;72.8;13938495488;5203079168
2026-08-23 12:51:33;mimiomia;3.7;3.3;1.1;95.5;72.3;3970572288;487108608;2506592256;1856299008;4430958592;72.8;13938495488;5203079168
2026-08-23 12:51:44;mimiomia;3.8;3.5;1.1;95.3;71.5;3920220160;533291008;2466476032;1856299008;4430958592;72.8;13938495488;5203079168
2026-08-23 12:51:55;mimiomia;4.7;3.5;1.2;95.3;71.7;3919372288;519340032;2483597312;1856299008;4430958592;72.8;13938495488;5203079168
2026-08-23 12:52:06;mimiomia;5.0;3.6;1.3;95.1;71.7;3915464704;523296768;2481979392;1856299008;4430958592;72.8;13938495488;5203079168
2026-08-23 12:52:17;mimiomia;5.0;3.6;1.3;95.0;72.0;3933319168;505434112;2484445184;1856299008;4430958592;72.8;13938495488;5203079168
2026-08-23 12:52:28;mimiomia;4.3;3.3;1.4;95.2;71.8;3922612224;516096000;2482839552;1856299008;4430958592;72.8;13938495488;5203079168
2026-08-23 12:52:39;mimiomia;4.9;3.8;1.4;94.7;71.5;3904700416;533905408;2480672768;1856299008;4430958592;72.8;13938495488;5203079168
2026-08-23 12:52:50;mimiomia;4.9;3.3;1.4;95.3;71.6;3905605632;530804736;2471927808;1856299008;4430958592;72.8;13938495488;5203079168
2026-08-23 12:53:01;mimiomia;4.4;3.5;1.0;95.3;71.7;3916079104;522448896;2478624768;1856299008;4430958592;72.8;13938495488;5203079168
2026-08-23 12:53:12;mimiomia;4.6;3.1;0.9;95.9;71.6;3910795264;527654912;2480951296;1856299008;4430958592;72.8;13938495488;5203079168
2026-08-23 12:53:23;mimiomia;3.9;3.3;0.9;95.6;71.5;3902582784;535851008;2476400640;1856299008;4430958592;72.8;13938495488;5203079168
2026-08-23 12:53:34;mimiomia;4.5;3.6;1.0;95.3;71.7;3916435456;521900032;2483179520;1856299008;4430958592;72.8;13938495488;5203079168
2026-08-23 12:53:45;mimiomia;5.5;4.7;1.2;94.0;72.2;3962961920;481259520;2516340736;1856299008;4430958592;72.8;13938495488;5203079168
2026-08-23 12:53:56;mimiomia;4.9;4.4;1.1;94.4;72.3;3966832640;476282880;2504744960;1856299008;4430958592;72.8;13938495488;5203079168
2026-08-23 12:54:07;mimiomia;5.4;4.1;1.0;94.9;72.8;3996184576;448696320;2535632896;1856299008;4430958592;72.8;13938495488;5203079168
2026-08-23 12:54:18;mimiomia;4.5;4.5;1.0;94.5;72.7;3986665472;458248192;2523025408;1856299008;4430958592;72.8;13938495488;5203079168
2026-08-23 12:54:29;mimiomia;5.4;5.9;1.3;92.8;73.4;4034220032;398700544;2557149184;1856299008;4430958592;72.8;13938495488;5203079168
2026-08-23 12:54:40;mimiomia;5.1;4.8;1.0;94.1;73.4;4033302528;394014720;2567172096;1856299008;4430958592;72.8;13938495488;5203079168
2026-08-23 12:54:51;mimiomia;4.8;3.8;0.9;95.4;73.0;4011249664;416460800;2566746112;1856299008;4430958592;72.8;13938495488;5203079168
2026-08-23 12:55:02;mimiomia;4.1;4.1;0.9;95.0;73.5;4025438208;383033344;2583588864;1856299008;4430958592;72.8;13938495488;5203079168
2026-08-23 12:55:13;mimiomia;7.0;5.1;1.2;93.6;73.1;4012675072;403812352;2548883456;1856299008;4430958592;72.8;13938495488;5203079168
2026-08-23 12:55:24;mimiomia;6.7;5.0;1.2;93.8;72.4;3973824512;442732544;2521964544;1856299008;4430958592;72.8;13938495488;5203079168
2026-08-23 12:55:35;mimiomia;5.7;4.2;1.2;94.6;72.7;3973332992;428466176;2522210304;1856299008;4430958592;72.8;13938495488;5203079168
2026-08-23 12:55:46;mimiomia;8.6;4.4;1.1;94.4;72.3;3952513024;449581056;2518577152;1856299008;4430958592;72.8;13938495488;5203079168
2026-08-23 12:55:57;mimiomia;4.8;4.2;1.3;94.5;72.2;3946213376;455864320;2519400448;1856299008;4430958592;72.8;13938495488;5203079168
2026-08-23 12:56:08;mimiomia;4.5;4.3;1.3;94.4;72.7;3992121344;452485120;2542460928;1856299008;4430958592;72.8;13938495488;5203079168
2026-08-23 12:56:19;mimiomia;9.1;4.2;1.2;94.5;72.9;3996459008;437215232;2552631296;1856299008;4430958592;72.8;13938495488;5203079168
2026-08-23 12:56:30;mimiomia;5.0;3.2;1.3;95.5;72.6;3986563072;457224192;2541383680;1856299008;4430958592;72.8;13938495488;5203079168
2026-08-23 12:56:41;mimiomia;5.0;3.2;1.4;95.3;72.6;3989762048;456089600;2538229760;1856299008;4430958592;72.8;13938495488;5203079168
2026-08-23 12:56:52;mimiomia;4.3;3.3;1.5;95.2;71.7;3933323264;512385024;2477899776;1856299008;4430958592;72.8;13938495488;5203079168
2026-08-23 12:57:03;mimiomia;3.8;3.2;1.2;95.5;69.9;3826028544;617574400;2375188480;1856299008;4430958592;72.8;13938495488;5203079168
2026-08-23 12:57:14;mimiomia;4.4;3.0;1.3;95.6;70.0;3822026752;613310464;2408747008;1856299008;4430958592;72.8;13938495488;5203079168
2026-08-23 12:57:25;mimiomia;5.4;2.9;1.3;95.8;71.2;3881066496;539709440;2467758080;1856299008;4430958592;72.8;13938495488;5203079168
2026-08-23 12:57:36;mimiomia;3.6;4.2;1.1;94.7;72.0;3945996288;487890944;2500571136;1856299008;4430958592;72.8;13938495488;5203079168
2026-08-23 12:57:47;mimiomia;4.1;3.8;1.0;95.2;72.0;3947868160;487313408;2512932864;1856299008;4430958592;72.8;13938495488;5203079168
2026-08-23 12:57:58;mimiomia;5.0;3.9;1.0;95.0;71.8;3921805312;497950720;2519580672;1856299008;4430958592;72.8;13938495488;5203079168
2026-08-23 12:58:09;mimiomia;5.4;4.3;1.0;94.6;72.8;4001214464;431583232;2562306048;1856299008;4430958592;72.8;13938495488;5203079168
2026-08-23 12:58:20;mimiomia;6.1;4.4;1.1;94.4;72.8;3996700672;421261312;2564796416;1856299008;4430958592;72.8;13938495488;5203079168
2026-08-23 12:58:31;mimiomia;3.7;3.6;1.0;95.3;72.7;3996217344;426168320;2564493312;1856299008;4430958592;72.8;13938495488;5203079168
2026-08-23 12:58:42;mimiomia;4.6;4.1;1.1;94.8;71.4;3910668288;504983552;2470371328;1856299008;4430958592;72.8;13938495488;5203079168
2026-08-23 12:58:53;mimiomia;5.0;4.0;1.1;94.9;71.4;3898224640;502800384;2481659904;1856299008;4430958592;72.8;13938495488;5203079168
2026-08-23 12:59:04;mimiomia;5.8;4.3;1.0;94.7;71.5;3904114688;496144384;2486824960;1856299008;4430958592;72.8;13938495488;5203079168
2026-08-23 12:59:15;mimiomia;5.2;3.9;1.0;95.1;71.6;3906179072;494047232;2487902208;1856299008;4430958592;72.8;13938495488;5203079168
2026-08-23 12:59:26;mimiomia;4.8;4.3;1.1;94.4;71.7;3912556544;487612416;2490191872;1856299008;4430958592;72.8;13938495488;5203079168
2026-08-23 12:59:37;mimiomia;5.2;4.8;1.2;93.9;72.6;3984121856;428806144;2508058624;1856299008;4430958592;72.8;13938495488;5203079168
2026-08-23 12:59:48;mimiomia;4.6;4.7;1.1;94.1;72.9;4001251328;405934080;2531299328;1856299008;4430958592;72.8;13938495488;5203079168
2026-08-23 12:59:59;mimiomia;4.9;3.6;1.1;95.2;72.6;3982635008;418279424;2528735232;1856299008;4430958592;72.8;13938495488;5203079168
2026-08-23 13:00:10;mimiomia;4.4;3.3;1.2;95.3;72.6;3967688704;419090432;2541936640;1856299008;4430958592;72.8;13938495488;5203079168
2026-08-23 13:00:21;mimiomia;3.8;3.6;1.0;95.2;72.4;3974262784;425422848;2517864448;1856299008;4430958592;72.8;13938499584;5203075072
2026-08-23 13:00:32;mimiomia;3.8;3.2;1.2;95.5;72.6;3985481728;410873856;2524569600;1856299008;4430958592;72.8;13938499584;5203075072
2026-08-23 13:00:43;mimiomia;4.9;3.1;1.2;95.5;72.9;3985743872;394862592;2542518272;1856299008;4430958592;72.8;13938499584;5203075072
2026-08-23 13:00:54;mimiomia;4.9;3.3;1.1;95.5;72.2;3942748160;436178944;2512527360;1856299008;4430958592;72.8;13938499584;5203075072
2026-08-23 13:01:05;mimiomia;4.1;3.3;1.2;95.4;72.2;3943866368;433483776;2512207872;1856299008;4430958592;72.8;13938499584;5203075072
2026-08-23 13:01:16;mimiomia;4.6;3.3;1.2;95.4;72.3;3952427008;424906752;2513354752;1856299008;4430958592;72.8;13938499584;5203075072
2026-08-23 13:01:27;mimiomia;4.6;3.6;1.2;95.0;72.3;3952119808;423940096;2518343680;1856299008;4430958592;72.8;13938499584;5203075072
2026-08-23 13:01:38;mimiomia;4.7;3.3;1.4;95.3;70.9;3865178112;508268544;2442559488;1856299008;4430958592;72.8;13938499584;5203075072
2026-08-23 13:01:49;mimiomia;4.5;3.1;1.1;95.7;70.8;3861364736;513372160;2442678272;1856299008;4430958592;72.8;13938499584;5203075072
2026-08-23 13:02:00;mimiomia;4.5;3.2;1.3;95.3;71.2;3887325184;487317504;2478841856;1856299008;4430958592;72.8;13938499584;5203075072
2026-08-23 13:02:11;mimiomia;4.7;3.9;1.4;94.5;71.8;3939799040;453660672;2485379072;1856299008;4430958592;72.8;13938499584;5203075072
2026-08-23 13:02:22;mimiomia;3.9;3.2;0.8;95.9;71.7;3932504064;457945088;2493353984;1856299008;4430958592;72.8;13938499584;5203075072
2026-08-23 13:02:33;mimiomia;4.9;3.4;0.9;95.5;73.3;4021678080;359944192;2551508992;1856299008;4430958592;72.8;13938499584;5203075072
2026-08-23 13:02:44;mimiomia;4.0;3.2;0.9;95.9;72.5;3980103680;409354240;2539380736;1856299008;4430958592;72.8;13938499584;5203075072
2026-08-23 13:02:55;mimiomia;4.4;3.6;1.1;95.2;72.6;3988635648;404451328;2546663424;1856299008;4430958592;72.8;13938499584;5203075072
2026-08-23 13:03:06;mimiomia;5.1;3.8;1.2;95.0;72.2;3959619584;424480768;2517680128;1856299008;4430958592;72.8;13938499584;5203075072
2026-08-23 13:03:17;mimiomia;5.6;3.7;1.1;95.1;72.3;3952836608;418811904;2530144256;1856299008;4430958592;72.8;13938499584;5203075072
2026-08-23 13:03:28;mimiomia;5.2;4.0;1.1;94.8;72.5;3964882944;406667264;2531999744;1856299008;4430958592;72.8;13938499584;5203075072
2026-08-23 13:03:39;mimiomia;4.7;3.7;1.0;95.2;72.4;3955580928;415870976;2530476032;1856299008;4430958592;72.8;13938499584;5203075072
2026-08-23 13:03:50;mimiomia;7.5;4.4;1.1;94.4;72.4;3956637696;414806016;2533838848;1856299008;4430958592;72.8;13938499584;5203075072
2026-08-23 13:04:01;mimiomia;4.2;4.2;1.0;94.7;73.2;4020289536;361684992;2564644864;1856299008;4430958592;72.8;13938499584;5203075072
2026-08-23 13:04:12;mimiomia;5.4;4.6;1.1;94.3;74.1;4076351488;302858240;2611830784;1856299008;4430958592;72.8;13938499584;5203075072
2026-08-23 13:04:23;mimiomia;4.9;4.0;0.9;95.1;73.7;4048760832;325296128;2605088768;1856299008;4430958592;72.8;13938499584;5203075072
2026-08-23 13:04:34;mimiomia;4.7;4.2;1.1;94.5;74.1;4074258432;297238528;2608300032;1856299008;4430958592;72.8;13938499584;5203075072
2026-08-23 13:04:45;mimiomia;4.4;4.0;1.0;95.0;73.7;4052226048;318636032;2602803200;1856299008;4430958592;72.8;13938499584;5203075072
2026-08-23 13:04:56;mimiomia;5.3;3.8;1.2;95.0;73.8;4042219520;312356864;2602938368;1856299008;4430958592;72.8;13938499584;5203075072
2026-08-23 13:05:07;mimiomia;5.0;3.8;1.3;94.9;73.5;4045729792;392093696;2590687232;1856299008;4430958592;72.8;13938499584;5203075072
2026-08-23 13:05:18;mimiomia;4.6;3.4;1.1;95.5;73.3;4025716736;409780224;2592124928;1856299008;4430958592;72.8;13938499584;5203075072
2026-08-23 13:05:29;mimiomia;5.1;3.8;1.3;94.8;73.6;4037251072;389652480;2605330432;1856299008;4430958592;72.8;13938499584;5203075072
2026-08-23 13:05:40;mimiomia;4.7;4.0;1.3;94.6;73.7;4036345856;381952000;2610688000;1856299008;4430958592;72.8;13938499584;5203075072
2026-08-23 13:05:51;mimiomia;5.2;3.6;1.2;95.1;72.6;3969572864;448036864;2554544128;1856299008;4430958592;72.8;13938499584;5203075072
2026-08-23 13:06:02;mimiomia;4.9;3.9;1.3;94.8;72.8;3978715136;436604928;2562826240;1856299008;4430958592;72.8;13938499584;5203075072
2026-08-23 13:06:13;mimiomia;4.7;3.5;1.4;95.1;72.7;3974860800;439812096;2562781184;1856299008;4430958592;72.8;13938499584;5203075072
2026-08-23 13:06:24;mimiomia;8.4;4.1;1.6;94.2;72.9;3988459520;427560960;2565353472;1856299008;4430958592;72.8;13938499584;5203075072
2026-08-23 13:06:35;mimiomia;5.4;3.8;1.4;94.7;72.8;3981496320;434442240;2557796352;1856233472;4431024128;72.8;13938499584;5203075072
2026-08-23 13:06:46;mimiomia;5.7;3.5;1.4;95.0;72.8;3978883072;436170752;2556223488;1856233472;4431024128;72.8;13938499584;5203075072
2026-08-23 13:06:57;mimiomia;4.4;3.7;1.0;95.2;72.9;3985711104;429146112;2556829696;1856233472;4431024128;72.8;13938499584;5203075072
2026-08-23 13:07:08;mimiomia;6.3;4.0;1.1;94.7;73.6;4042993664;378474496;2606997504;1856233472;4431024128;72.8;13938499584;5203075072
2026-08-23 13:07:19;mimiomia;3.9;3.7;1.0;95.3;73.4;4029833216;393199616;2594758656;1856233472;4431024128;72.8;13938499584;5203075072
2026-08-23 13:07:30;mimiomia;4.2;3.7;1.1;95.2;73.3;4027674624;397348864;2591752192;1856233472;4431024128;72.8;13938499584;5203075072
2026-08-23 13:07:41;mimiomia;4.9;3.6;1.1;95.2;73.9;4045369344;366256128;2612191232;1856233472;4431024128;72.8;13938499584;5203075072
2026-08-23 13:07:52;mimiomia;5.2;4.3;1.0;94.6;73.9;4064948224;355532800;2616057856;1856233472;4431024128;72.8;13938499584;5203075072
2026-08-23 13:08:03;mimiomia;6.3;5.0;1.1;93.8;74.4;4094930944;321048576;2630565888;1856233472;4431024128;72.8;13938499584;5203075072
2026-08-23 13:08:14;mimiomia;5.4;4.7;1.2;94.1;75.1;4139102208;267235328;2690453504;1856233472;4431024128;72.8;13938499584;5203075072
2026-08-23 13:08:25;mimiomia;4.6;4.1;1.1;94.7;75.2;4125388800;264359936;2687299584;1856233472;4431024128;72.8;13938499584;5203075072
2026-08-23 13:08:36;mimiomia;9.9;4.7;1.1;94.1;75.5;4145577984;242147328;2708221952;1856233472;4431024128;72.8;13938499584;5203075072
2026-08-23 13:08:47;mimiomia;4.5;4.5;1.0;94.4;75.0;4129288192;263929856;2684739584;1856233472;4431024128;72.8;13938499584;5203075072
2026-08-23 13:08:58;mimiomia;4.0;3.5;1.0;95.3;74.1;4071444480;319623168;2653085696;1856233472;4431024128;72.8;13938499584;5203075072
2026-08-23 13:09:09;mimiomia;5.9;4.6;1.0;94.3;74.3;4085530624;300969984;2640977920;1855971328;4431286272;72.8;13938499584;5203075072
2026-08-23 13:09:20;mimiomia;5.9;3.9;1.1;94.9;74.1;4073951232;314564608;2638819328;1855971328;4431286272;72.8;13938499584;5203075072
2026-08-23 13:09:31;mimiomia;4.5;3.7;1.2;95.1;74.2;4071620608;308809728;2644750336;1855971328;4431286272;72.8;13938499584;5203075072
2026-08-23 13:09:42;mimiomia;4.2;4.0;1.1;94.9;74.4;4080005120;292098048;2661453824;1855971328;4431286272;72.8;13938499584;5203075072
2026-08-23 13:09:53;mimiomia;4.7;3.9;1.2;94.9;74.1;4057849856;314224640;2649325568;1855971328;4431286272;72.8;13938499584;5203075072
2026-08-23 13:10:04;mimiomia;4.5;5.3;1.5;93.1;76.5;4219666432;188411904;2722279424;1855971328;4431286272;72.8;13938499584;5203075072
2026-08-23 13:10:15;mimiomia;4.8;3.4;1.1;95.5;71.5;3916333056;489504768;2472873984;1855971328;4431286272;72.8;13938503680;5203070976
2026-08-23 13:10:26;mimiomia;5.1;3.7;1.3;94.9;72.2;3938545664;450748416;2506137600;1855971328;4431286272;72.8;13938503680;5203070976
2026-08-23 13:10:37;mimiomia;4.8;3.5;1.3;95.0;72.2;3956985856;446836736;2519232512;1855971328;4431286272;72.8;13938503680;5203070976
2026-08-23 13:10:48;mimiomia;4.9;4.2;1.3;94.3;72.8;3998052352;406794240;2568744960;1855971328;4431286272;72.8;13938503680;5203070976
2026-08-23 13:10:59;mimiomia;4.7;3.7;1.6;94.6;72.9;3995107328;400056320;2565115904;1855971328;4431286272;72.8;13938503680;5203070976
2026-08-23 13:11:10;mimiomia;5.5;3.1;1.4;95.3;72.7;3993559040;413351936;2555760640;1855971328;4431286272;72.8;13938503680;5203070976
2026-08-23 13:11:21;mimiomia;4.2;3.8;1.4;94.7;73.0;4005122048;395874304;2572365824;1855971328;4431286272;72.8;13938503680;5203070976
2026-08-23 13:11:32;mimiomia;4.5;4.1;1.3;94.6;73.7;4048683008;340582400;2615914496;1855971328;4431286272;72.8;13938503680;5203070976
2026-08-23 13:11:43;mimiomia;4.3;3.5;1.0;95.4;73.8;4048625664;334725120;2623311872;1855971328;4431286272;72.8;13938503680;5203070976
2026-08-23 13:11:54;mimiomia;5.2;4.2;1.0;94.8;74.5;4095340544;287457280;2650152960;1855971328;4431286272;72.8;13938503680;5203070976
2026-08-23 13:12:05;mimiomia;5.4;3.9;0.9;95.1;74.5;4093771776;285814784;2668081152;1855971328;4431286272;72.8;13938503680;5203070976
2026-08-23 13:12:16;mimiomia;4.0;3.6;1.0;95.3;74.3;4089176064;295960576;2653982720;1855971328;4431286272;72.8;13938503680;5203070976
2026-08-23 13:12:27;mimiomia;4.4;3.7;1.0;95.2;74.7;4096868352;271642624;2676592640;1855971328;4431286272;72.8;13938503680;5203070976
2026-08-23 13:12:38;mimiomia;4.6;3.5;1.0;95.6;74.9;4107415552;261222400;2697269248;1855971328;4431286272;72.8;13938503680;5203070976
2026-08-23 13:12:49;mimiomia;12.8;5.0;1.2;93.8;75.2;4136980480;241418240;2679631872;1855971328;4431286272;72.8;13938503680;5203070976
2026-08-23 13:13:00;mimiomia;5.0;3.9;0.9;95.1;74.6;4097310720;276254720;2667905024;1855971328;4431286272;72.8;13938503680;5203070976
2026-08-23 13:13:11;mimiomia;4.6;3.8;1.1;95.0;74.5;4098703360;282324992;2664226816;1855971328;4431286272;72.8;13938503680;5203070976
2026-08-23 13:13:22;mimiomia;13.0;4.6;1.1;94.1;75.8;4155936768;204427264;2711474176;1855971328;4431286272;72.8;13938503680;5203070976
2026-08-23 13:13:33;mimiomia;4.5;4.7;1.0;94.2;76.5;4205522944;189800448;2770178048;1855971328;4431286272;72.8;13938503680;5203070976
2026-08-23 13:13:44;mimiomia;4.9;3.8;1.2;94.7;72.4;3966746624;459120640;2543181824;1855971328;4431286272;72.8;13938503680;5203070976
2026-08-23 13:13:55;mimiomia;4.1;2.4;1.3;96.1;72.3;3966795776;465387520;2540204032;1855971328;4431286272;72.8;13938503680;5203070976
2026-08-23 13:14:06;mimiomia;3.6;2.2;1.1;96.4;72.2;3960418304;472137728;2535333888;1855971328;4431286272;72.8;13938503680;5203070976
2026-08-23 13:14:17;mimiomia;3.3;2.0;1.0;96.6;72.1;3955826688;476807168;2534793216;1855971328;4431286272;72.8;13938503680;5203070976
2026-08-23 13:14:28;mimiomia;3.3;2.4;1.0;96.4;72.0;3948363776;484311040;2538524672;1855971328;4431286272;72.8;13938503680;5203070976
2026-08-23 13:14:39;mimiomia;3.1;2.0;0.8;96.8;72.0;3949858816;482496512;2537082880;1855971328;4431286272;72.8;13938503680;5203070976
2026-08-23 13:14:50;mimiomia;3.3;2.2;0.9;96.6;72.9;3997458432;431603712;2560577536;1855971328;4431286272;72.8;13938503680;5203070976
2026-08-23 13:15:01;mimiomia;3.1;2.2;0.9;96.5;72.6;3982069760;446939136;2562727936;1855971328;4431286272;72.8;13938503680;5203070976
2026-08-23 13:15:12;mimiomia;3.1;2.4;0.8;96.5;72.5;3977564160;451506176;2560036864;1855971328;4431286272;72.8;13938503680;5203070976
2026-08-23 13:15:23;mimiomia;3.6;2.2;0.9;96.6;72.1;3954249728;478294016;2539175936;1855971328;4431286272;72.8;13938503680;5203070976
2026-08-23 13:15:34;mimiomia;4.1;3.2;0.9;95.5;73.1;3999670272;408240128;2561449984;1855971328;4431286272;72.8;13938503680;5203070976
2026-08-23 13:15:45;mimiomia;5.5;4.6;1.2;94.1;75.4;4147286016;297500672;2697400320;1855971328;4431286272;72.8;13938503680;5203070976
2026-08-23 13:15:56;mimiomia;2.7;2.7;1.1;96.1;72.4;3963781120;483151872;2512572416;1855971328;4431286272;72.8;13938503680;5203070976
2026-08-23 13:16:07;mimiomia;3.5;2.0;1.2;96.5;71.4;3911569408;543244288;2457989120;1855971328;4431286272;72.8;13938503680;5203070976
2026-08-23 13:16:18;mimiomia;3.7;1.8;1.2;96.6;71.2;3902623744;552198144;2458865664;1855971328;4431286272;72.8;13938503680;5203070976
2026-08-23 13:16:29;mimiomia;2.9;1.9;0.9;96.9;71.2;3900231680;554717184;2455412736;1855971328;4431286272;72.8;13938503680;5203070976
2026-08-23 13:16:40;mimiomia;2.0;1.8;0.8;97.0;71.1;3895214080;559841280;2457407488;1855971328;4431286272;72.8;13938503680;5203070976
2026-08-23 13:16:51;mimiomia;3.0;1.7;0.9;96.9;71.2;3900391424;554655744;2458509312;1855971328;4431286272;72.8;13938503680;5203070976
2026-08-23 13:17:02;mimiomia;2.6;1.9;1.0;96.9;71.8;3931467776;520114176;2485932032;1855971328;4431286272;72.8;13938503680;5203070976
2026-08-23 13:17:13;mimiomia;2.9;1.8;0.8;97.2;71.8;3931832320;519708672;2486272000;1855971328;4431286272;72.8;13938503680;5203070976
2026-08-23 13:17:24;mimiomia;3.1;2.1;0.9;96.8;71.5;3920953344;534507520;2463973376;1855971328;4431286272;72.8;13938503680;5203070976
2026-08-23 13:17:35;mimiomia;3.2;1.8;0.9;97.0;71.3;3908812800;546582528;2464276480;1855971328;4431286272;72.8;13938503680;5203070976
2026-08-23 13:17:46;mimiomia;2.7;1.8;1.0;97.0;71.1;3893809152;561565696;2463899648;1855971328;4431286272;72.8;13938503680;5203070976
2026-08-23 13:17:57;mimiomia;2.8;1.8;1.0;96.9;71.3;3904688128;550735872;2463309824;1855971328;4431286272;72.8;13938503680;5203070976
2026-08-23 13:18:08;mimiomia;3.1;1.9;0.9;96.9;71.4;3914829824;540577792;2465525760;1855971328;4431286272;72.8;13938503680;5203070976
2026-08-23 13:18:19;mimiomia;9.4;2.9;1.0;95.9;72.9;3993145344;448761856;2536841216;1855971328;4431286272;72.8;13938503680;5203070976
2026-08-23 13:18:30;mimiomia;4.9;4.7;1.3;94.0;74.8;4091596800;336392192;2650488832;1855971328;4431286272;72.8;13938503680;5203070976
2026-08-23 13:18:41;mimiomia;8.9;4.2;1.5;94.2;76.4;4184305664;239403008;2738610176;1855971328;4431286272;72.8;13938503680;5203070976
2026-08-23 13:18:52;mimiomia;9.6;5.3;2.2;92.4;77.0;4243881984;168427520;2818113536;1855971328;4431286272;72.8;13938503680;5203070976
2026-08-23 13:19:03;mimiomia;4.8;3.5;1.7;94.8;77.0;4240728064;177774592;2839158784;1855971328;4431286272;72.8;13938503680;5203070976
2026-08-23 13:19:14;mimiomia;4.0;3.4;1.5;95.1;76.6;4167086080;260591616;2772205568;1855971328;4431286272;72.8;13938503680;5203070976
2026-08-23 13:19:25;mimiomia;4.7;2.9;1.5;95.5;76.5;4153159680;266342400;2761961472;1855971328;4431286272;72.8;13938503680;5203070976
2026-08-23 13:19:36;mimiomia;4.3;3.0;1.3;95.7;77.0;4175958016;235528192;2765242368;1855709184;4431548416;72.8;13938503680;5203070976
2026-08-23 13:19:47;mimiomia;4.3;2.8;1.2;95.9;77.3;4191420416;220033024;2795765760;1855709184;4431548416;72.8;13938503680;5203070976
2026-08-23 13:19:58;mimiomia;4.2;4.3;1.0;94.6;76.0;4191313920;283545600;2721394688;1856757760;4430499840;72.8;13938503680;5203070976
2026-08-23 13:20:09;mimiomia;13.2;3.7;1.0;95.2;75.5;4154544128;309825536;2685980672;1856757760;4430499840;72.8;13938503680;5203070976
2026-08-23 13:20:20;mimiomia;6.7;4.6;1.0;94.4;75.2;4136865792;315838464;2651148288;1856757760;4430499840;72.8;13938503680;5203070976
2026-08-23 13:20:31;mimiomia;6.4;4.4;1.1;94.4;75.8;4175810560;273358848;2677710848;1856757760;4430499840;72.8;13938503680;5203070976
2026-08-23 13:20:42;mimiomia;5.1;4.7;1.2;94.0;75.4;4152238080;338157568;2682994688;1856757760;4430499840;72.8;13938503680;5203070976
2026-08-23 13:20:53;mimiomia;4.0;4.0;1.0;94.9;75.2;4136849408;352595968;2653138944;1856757760;4430499840;72.8;13938503680;5203070976
2026-08-23 13:21:04;mimiomia;5.3;3.7;1.0;95.0;75.3;4128448512;347340800;2665123840;1856757760;4430499840;72.8;13938503680;5203070976
2026-08-23 13:21:15;mimiomia;4.6;3.5;1.0;95.2;74.9;4108001280;367939584;2645045248;1856757760;4430499840;72.8;13938503680;5203070976
2026-08-23 13:21:26;mimiomia;5.4;3.5;0.9;95.4;74.9;4121673728;368918528;2638680064;1856757760;4430499840;72.8;13938503680;5203070976
2026-08-23 13:21:37;mimiomia;5.6;3.9;0.9;95.0;74.2;4078891008;411262976;2595815424;1856757760;4430499840;72.8;13938503680;5203070976
2026-08-23 13:21:48;mimiomia;5.8;5.7;1.0;93.2;74.7;4105580544;377548800;2623901696;1856757760;4430499840;72.8;13938503680;5203070976
2026-08-23 13:21:59;mimiomia;4.1;4.6;1.1;94.1;75.7;4162424832;308559872;2680782848;1856757760;4430499840;72.8;13938503680;5203070976
2026-08-23 13:22:10;mimiomia;3.7;2.6;1.1;96.0;71.3;3908812800;572780544;2421972992;1856757760;4430499840;72.8;13938503680;5203070976
2026-08-23 13:22:21;mimiomia;3.6;2.3;1.2;96.3;70.9;3882864640;598708224;2403229696;1856757760;4430499840;72.8;13938503680;5203070976
2026-08-23 13:22:32;mimiomia;17.2;6.4;1.8;91.5;76.9;4241702912;207810560;2833231872;1861214208;4426043392;72.8;13938503680;5203070976
2026-08-23 13:22:43;mimiomia;17.2;15.1;3.6;81.0;82.1;4585308160;238518272;2904363008;1893982208;4393275392;72.8;13938503680;5203070976
2026-08-23 13:22:54;mimiomia;4.2;4.3;1.6;94.0;79.5;4429713408;413102080;2754469888;1893720064;4393537536;72.8;13938503680;5203070976
2026-08-23 13:23:05;mimiomia;3.7;4.6;1.2;94.2;76.3;4243857408;681123840;2594271232;1909448704;4377808896;72.8;13938503680;5203070976
2026-08-23 13:23:16;mimiomia;2.0;3.5;0.7;95.6;76.1;4231974912;692985856;2532327424;1909448704;4377808896;72.8;13938503680;5203070976
2026-08-23 13:23:27;mimiomia;4.0;2.7;1.0;96.1;76.8;4265435136;647942144;2605936640;1909448704;4377808896;72.8;13938503680;5203070976
2026-08-23 13:23:38;mimiomia;1.2;1.0;0.4;98.4;76.4;4258230272;703619072;2594971648;1912332288;4374925312;72.8;13938503680;5203070976
2026-08-23 13:23:49;mimiomia;3.0;4.0;1.1;94.6;78.6;4363747328;546443264;2675740672;1909710848;4377546752;72.8;13938503680;5203070976
2026-08-23 13:24:00;mimiomia;1.3;2.5;0.7;96.6;79.0;4385103872;509911040;2690977792;1909178368;4378079232;72.8;13938503680;5203070976
2026-08-23 13:24:11;mimiomia;1.4;2.3;0.8;96.7;80.3;4456185856;426119168;2724786176;1908916224;4378341376;72.8;13938503680;5203070976
2026-08-23 13:24:22;mimiomia;0.8;2.5;0.9;96.5;80.7;4478877696;388825088;2805919744;1908654080;4378603520;72.8;13938503680;5203070976
2026-08-23 13:24:33;mimiomia;1.4;1.5;0.4;98.1;79.0;4376989696;491048960;2755190784;1908654080;4378603520;72.8;13938503680;5203070976
2026-08-23 13:24:44;mimiomia;1.5;0.7;0.3;99.0;78.3;4339863552;535986176;2704252928;1908391936;4378865664;72.8;13938503680;5203070976
2026-08-23 13:24:55;mimiomia;5.9;2.2;0.9;96.8;78.1;4331479040;545873920;2690297856;1906294784;4380962816;72.8;13938503680;5203070976
2026-08-23 13:25:06;mimiomia;2.0;2.9;0.8;96.1;79.3;4403806208;472080384;2753421312;1906294784;4380962816;72.8;13938503680;5203070976
2026-08-23 13:25:17;mimiomia;6.9;1.9;0.7;97.2;72.1;3986735104;904462336;2283094016;1906294784;4380962816;72.8;13938503680;5203070976
2026-08-23 13:25:28;mimiomia;2.5;5.5;1.8;92.3;75.0;4125708288;687976448;2446131200;1906294784;4380962816;72.8;13938503680;5203070976
2026-08-23 13:25:39;mimiomia;1.2;1.7;0.5;97.6;74.5;4096991232;718225408;2447282176;1906294784;4380962816;72.8;13938503680;5203070976
2026-08-23 13:25:50;mimiomia;2.3;1.2;0.4;98.2;73.3;4025675776;787910656;2379284480;1906294784;4380962816;72.8;13938503680;5203070976
2026-08-23 13:26:01;mimiomia;2.4;1.0;0.4;98.4;72.5;3977084928;838557696;2343841792;1906294784;4380962816;72.8;13938503680;5203070976
2026-08-23 13:26:12;mimiomia;0.8;1.0;0.4;98.5;71.7;3937370112;883257344;2305060864;1906032640;4381224960;72.8;13938503680;5203070976
2026-08-23 13:26:23;mimiomia;1.4;0.9;0.4;98.7;71.8;3944448000;876142592;2315145216;1906032640;4381224960;72.8;13938503680;5203070976
2026-08-23 13:26:34;mimiomia;12.2;5.3;1.4;93.0;79.9;4402335744;347131904;2728861696;1905770496;4381487104;72.8;13938503680;5203070976
2026-08-23 13:26:45;mimiomia;7.3;6.0;1.8;91.9;82.4;4532228096;179462144;2923999232;1905770496;4381487104;72.8;13938503680;5203070976
2026-08-23 13:26:56;mimiomia;5.5;6.5;1.9;91.4;87.0;4795715584;171057152;2549260288;1939849216;4347408384;72.8;13938503680;5203070976
2026-08-23 13:27:07;mimiomia;4.8;5.5;1.1;93.3;86.0;4752613376;248664064;2500673536;1940103168;4347154432;72.8;13938503680;5203070976
2026-08-23 13:27:18;mimiomia;4.9;4.5;0.8;94.6;84.3;4650057728;352051200;2400329728;1940103168;4347154432;72.8;13938503680;5203070976
2026-08-23 13:27:29;mimiomia;2.6;4.5;1.1;94.3;84.2;4645699584;366190592;2463137792;1942724608;4344532992;72.8;13938503680;5203070976
2026-08-23 13:27:40;mimiomia;4.6;4.8;1.0;94.1;85.2;4704579584;295342080;2502123520;1941938176;4345319424;72.8;13938503680;5203070976
2026-08-23 13:27:51;mimiomia;6.1;4.7;1.2;94.1;87.0;4816867328;180453376;2647441408;1941938176;4345319424;72.8;13938503680;5203070976
2026-08-23 13:28:02;mimiomia;13.8;5.6;1.2;93.1;88.2;4891303936;141193216;2790469632;1953210368;4334047232;72.8;13938503680;5203070976
2026-08-23 13:28:13;mimiomia;5.7;6.2;1.3;92.4;89.5;4946448384;138321920;2936893440;1954783232;4332474368;72.8;13938503680;5203070976
2026-08-23 13:28:24;mimiomia;8.5;6.1;1.3;92.6;88.8;4943876096;193069056;2376384512;1954783232;4332474368;72.8;13938503680;5203070976
2026-08-23 13:28:35;mimiomia;5.5;6.1;1.0;92.9;88.0;4882223104;242225152;2338562048;1954783232;4332474368;72.8;13938503680;5203070976
2026-08-23 13:28:46;mimiomia;6.2;6.5;1.2;92.2;88.3;4883140608;251346944;2346291200;1954521088;4332736512;72.8;13938503680;5203070976
2026-08-23 13:28:57;mimiomia;7.2;6.4;1.3;92.2;88.2;4875710464;273326080;2118864896;1954275328;4332982272;72.8;13938503680;5203070976
2026-08-23 13:29:08;mimiomia;7.7;8.8;1.7;89.5;91.1;5059985408;163049472;2390220800;1955323904;4331933696;72.8;13938503680;5203070976
2026-08-23 13:29:19;mimiomia;9.0;7.4;1.3;91.3;91.1;5056335872;169275392;2357231616;1955586048;4331671552;72.8;13938503680;5203070976
2026-08-23 13:29:30;mimiomia;11.0;6.0;1.3;92.7;88.6;4903624704;319188992;2203086848;1955323904;4331933696;72.8;13938503680;5203070976
2026-08-23 13:29:41;mimiomia;5.8;5.9;1.2;92.5;89.1;4938215424;298037248;2516799488;1988820992;4298436608;72.8;13938503680;5203070976
2026-08-23 13:29:52;mimiomia;7.8;5.4;1.1;93.4;89.5;4959555584;282398720;2596483072;1990656000;4296601600;72.8;13938503680;5203070976
2026-08-23 13:30:03;mimiomia;11.2;8.0;1.4;90.3;91.6;5087797248;151236608;2779586560;1994063872;4293193728;72.8;13938503680;5203070976
2026-08-23 13:30:14;mimiomia;3.4;2.9;1.3;95.6;90.5;5038587904;229216256;2765127680;2001666048;4285591552;72.8;13938503680;5203070976
2026-08-23 13:30:25;mimiomia;3.4;2.3;1.3;96.2;90.4;5042520064;226381824;2756026368;2000355328;4286902272;72.8;13938507776;5203066880
2026-08-23 13:30:36;mimiomia;9.0;3.1;1.1;95.5;87.9;4853166080;401920000;2733228032;2021851136;4265406464;72.8;13938507776;5203066880
2026-08-23 13:30:47;mimiomia;5.3;5.9;1.5;92.4;89.7;4977733632;268025856;2919092224;2035220480;4252037120;72.8;13938507776;5203066880
2026-08-23 13:30:58;mimiomia;6.6;3.0;1.2;95.5;91.5;5068963840;160096256;3044524032;2046230528;4241027072;72.8;13938507776;5203066880
2026-08-23 13:31:09;mimiomia;6.6;4.5;1.6;93.8;84.4;4670611456;582656000;2788245504;2068774912;4218482688;72.8;13938507776;5203066880
2026-08-23 13:31:20;mimiomia;9.2;7.3;2.5;90.0;87.3;4849778688;401244160;3017400320;2083192832;4204064768;72.8;13938507776;5203066880
2026-08-23 13:31:31;mimiomia;13.1;6.7;2.6;90.7;88.1;4898537472;348110848;3063316480;2083192832;4204064768;72.8;13938507776;5203066880
2026-08-23 13:31:42;mimiomia;10.4;6.2;2.1;91.6;87.9;4893339648;349433856;3049381888;2083192832;4204064768;72.8;13938507776;5203066880
2026-08-23 13:31:53;mimiomia;5.2;4.4;1.4;94.1;87.8;4892114944;354455552;3036086272;2083192832;4204064768;72.8;13938507776;5203066880
2026-08-23 13:32:04;mimiomia;2.7;4.8;1.0;94.2;87.1;4837318656;398671872;2968117248;2083192832;4204064768;72.8;13938507776;5203066880
2026-08-23 13:32:15;mimiomia;5.9;4.3;1.1;94.5;87.7;4888764416;355196928;3012325376;2080833536;4206424064;72.8;13938507776;5203066880
2026-08-23 13:32:26;mimiomia;5.3;10.0;2.8;86.1;90.5;5089640448;260947968;2990718976;2228158464;4059099136;72.8;13938507776;5203066880
2026-08-23 13:32:37;mimiomia;1.0;1.1;0.5;98.2;92.0;5112537088;304295936;1493352448;2225958912;4061298688;72.8;13938507776;5203066880
2026-08-23 13:32:48;mimiomia;2.6;1.5;0.6;97.7;85.0;4713615360;723468288;1401892864;2202238976;4085018624;72.8;13938507776;5203066880
2026-08-23 13:32:59;mimiomia;1.3;2.8;0.8;96.1;85.4;4727189504;660750336;1509449728;2199334912;4087922688;72.8;13938507776;5203066880
2026-08-23 13:33:10;mimiomia;1.4;2.7;0.7;96.4;84.8;4683505664;694571008;1477255168;2198511616;4088745984;72.8;13938507776;5203066880
2026-08-23 13:33:21;mimiomia;6.8;5.0;1.4;93.3;77.9;4372488192;980594688;1296396288;2201919488;4085338112;72.8;13938507776;5203066880
2026-08-23 13:33:32;mimiomia;5.6;4.0;1.3;94.7;78.7;4414636032;927850496;1350627328;2201133056;4086124544;72.8;13938507776;5203066880
2026-08-23 13:33:43;mimiomia;5.4;4.6;1.7;93.7;78.0;4347310080;973049856;1301295104;2200870912;4086386688;72.8;13938507776;5203066880
2026-08-23 13:33:54;mimiomia;5.4;4.2;1.8;93.9;77.7;4318879744;988504064;1300541440;2200338432;4086919168;72.8;13938507776;5203066880
2026-08-23 13:34:05;mimiomia;4.2;3.1;2.0;94.9;77.8;4329349120;979873792;1294512128;2200338432;4086919168;72.8;13938507776;5203066880
2026-08-23 13:34:16;mimiomia;4.9;3.2;1.6;95.2;77.9;4326723584;976359424;1302396928;2200076288;4087181312;72.8;13938507776;5203066880
2026-08-23 13:34:27;mimiomia;4.8;3.4;1.3;95.2;78.3;4337008640;952864768;1323454464;2199027712;4088229888;72.8;13938507776;5203066880
2026-08-23 13:34:38;mimiomia;4.0;4.2;1.3;94.4;79.8;4429303808;847486976;1430708224;2198142976;4089114624;72.8;13938507776;5203066880
2026-08-23 13:34:49;mimiomia;5.6;4.6;1.1;94.2;78.3;4357312512;934948864;1339891712;2198142976;4089114624;72.8;13938507776;5203066880
2026-08-23 13:35:00;mimiomia;4.9;4.3;1.1;94.6;78.5;4367839232;923459584;1343406080;2198142976;4089114624;72.8;13938507776;5203066880
2026-08-23 13:35:11;mimiomia;3.8;3.3;0.9;95.8;78.3;4354805760;928075776;1344159744;2198142976;4089114624;72.8;13938507776;5203066880
2026-08-23 13:35:22;mimiomia;3.5;3.3;0.9;95.8;78.3;4355424256;927088640;1350696960;2198126592;4089131008;72.8;13938507776;5203066880
2026-08-23 13:35:33;mimiomia;3.4;4.6;1.1;94.2;79.6;4434706432;836812800;1424322560;2197864448;4089393152;72.8;13938507776;5203066880
2026-08-23 13:35:44;mimiomia;3.5;2.8;0.8;96.3;79.8;4445917184;824307712;1431822336;2197864448;4089393152;72.8;13938507776;5203066880
2026-08-23 13:35:55;mimiomia;3.3;2.9;0.8;96.3;78.8;4387053568;887189504;1383321600;2197864448;4089393152;72.8;13938507776;5203066880
2026-08-23 13:36:06;mimiomia;4.1;2.7;0.8;96.5;79.1;4394373120;869363712;1398685696;2197864448;4089393152;72.8;13938507776;5203066880
2026-08-23 13:36:17;mimiomia;3.5;3.1;0.8;95.9;79.4;4403351552;849989632;1408602112;2197864448;4089393152;72.8;13938507776;5203066880
2026-08-23 13:36:28;mimiomia;3.7;3.3;1.0;95.7;77.8;4311801856;947703808;1315106816;2197602304;4089655296;72.8;13938507776;5203066880
2026-08-23 13:36:39;mimiomia;3.7;3.1;0.8;96.0;77.8;4314288128;945168384;1319796736;2197602304;4089655296;72.8;13938507776;5203066880
2026-08-23 13:36:50;mimiomia;4.9;3.6;1.0;95.4;78.1;4348338176;925519872;1333452800;2197340160;4089917440;72.8;13938507776;5203066880
2026-08-23 13:37:01;mimiomia;4.5;3.4;0.7;95.8;78.0;4345028608;930955264;1333178368;2197340160;4089917440;72.8;13938507776;5203066880
2026-08-23 13:37:12;mimiomia;3.4;2.9;0.9;96.1;78.3;4360163328;912789504;1344499712;2197078016;4090179584;72.8;13938507776;5203066880
2026-08-23 13:37:23;mimiomia;3.7;3.3;0.9;95.7;78.5;4356210688;902197248;1358483456;2197078016;4090179584;72.8;13938507776;5203066880
2026-08-23 13:37:34;mimiomia;3.7;3.2;0.9;95.9;78.5;4358746112;899411968;1361186816;2197078016;4090179584;72.8;13938507776;5203066880
2026-08-23 13:37:45;mimiomia;3.9;2.9;0.9;96.1;78.5;4353294336;904671232;1361616896;2197078016;4090179584;72.8;13938507776;5203066880
2026-08-23 13:37:56;mimiomia;3.7;3.0;0.9;96.0;78.4;4360683520;905867264;1355096064;2197078016;4090179584;72.8;13938507776;5203066880
2026-08-23 13:38:07;mimiomia;3.9;3.5;1.2;95.3;79.0;4396032000;871428096;1381732352;2196815872;4090441728;72.8;13938507776;5203066880
2026-08-23 13:38:18;mimiomia;4.6;3.8;1.2;95.0;79.0;4397993984;872976384;1378910208;2196815872;4090441728;72.8;13938507776;5203066880
2026-08-23 13:38:29;mimiomia;5.3;4.6;1.5;93.9;80.2;4471418880;797900800;1456062464;2196815872;4090441728;72.8;13938507776;5203066880
2026-08-23 13:38:40;mimiomia;5.4;3.9;1.3;94.7;80.1;4466032640;797081600;1466638336;2196815872;4090441728;72.8;13938507776;5203066880
2026-08-23 13:38:51;mimiomia;6.1;4.2;1.5;94.3;79.3;4404273152;844865536;1430200320;2196815872;4090441728;72.8;13938507776;5203066880
2026-08-23 13:39:02;mimiomia;5.5;3.8;2.0;94.2;79.4;4424200192;840552448;1417850880;2196553728;4090703872;72.8;13938507776;5203066880
2026-08-23 13:39:13;mimiomia;5.5;4.4;1.9;93.6;79.0;4403240960;861822976;1390780416;2196029440;4091228160;72.8;13938507776;5203066880
2026-08-23 13:39:24;mimiomia;4.6;3.4;1.4;95.2;78.7;4383490048;881078272;1375408128;2196029440;4091228160;72.8;13938507776;5203066880
2026-08-23 13:39:35;mimiomia;3.4;2.6;1.0;96.4;78.6;4385107968;880431104;1385017344;2196029440;4091228160;72.8;13938507776;5203066880
2026-08-23 13:39:46;mimiomia;4.6;3.6;1.0;95.2;79.8;4454035456;806346752;1433214976;2196029440;4091228160;72.8;13938507776;5203066880
2026-08-23 13:39:57;mimiomia;4.4;4.6;1.2;94.2;81.6;4556922880;689152000;1516945408;2196029440;4091228160;72.8;13938507776;5203066880
2026-08-23 13:40:08;mimiomia;4.5;3.8;1.1;95.1;81.0;4524232704;718786560;1509916672;2196029440;4091228160;72.8;13938507776;5203066880
2026-08-23 13:40:19;mimiomia;4.7;3.5;1.0;95.5;80.8;4512784384;730161152;1508642816;2196029440;4091228160;72.8;13938511872;5203062784
2026-08-23 13:40:30;mimiomia;4.1;4.0;1.2;94.7;80.1;4455886848;776065024;1669017600;2199437312;4087820288;72.8;13938511872;5203062784
2026-08-23 13:40:41;mimiomia;3.7;3.0;1.0;96.0;80.4;4474404864;759582720;1668374528;2199437312;4087820288;72.8;13938511872;5203062784
2026-08-23 13:40:52;mimiomia;8.4;4.6;1.2;94.1;80.7;4507103232;737669120;1650642944;2199437312;4087820288;72.8;13938511872;5203062784
2026-08-23 13:41:03;mimiomia;5.5;5.1;1.2;93.6;81.4;4546473984;685457408;1673326592;2198913024;4088344576;72.8;13938511872;5203062784
2026-08-23 13:41:14;mimiomia;6.3;4.6;1.1;94.3;81.7;4565471232;666419200;1669484544;2198913024;4088344576;72.8;13938511872;5203062784
2026-08-23 13:41:25;mimiomia;3.8;4.0;1.0;95.0;81.8;4576698368;656982016;1669447680;2198913024;4088344576;72.8;13938511872;5203062784
2026-08-23 13:41:36;mimiomia;4.6;4.1;1.0;94.9;81.4;4549222400;680329216;1656262656;2198913024;4088344576;72.8;13938511872;5203062784
2026-08-23 13:41:47;mimiomia;4.2;3.6;1.0;95.4;81.0;4508835840;708239360;1613578240;2198913024;4088344576;72.8;13938511872;5203062784
2026-08-23 13:41:58;mimiomia;8.1;3.8;1.0;95.1;81.0;4509728768;707350528;1633628160;2198913024;4088344576;72.8;13938511872;5203062784
2026-08-23 13:42:09;mimiomia;4.8;4.7;1.0;94.2;81.3;4546248704;677851136;1662263296;2198913024;4088344576;72.8;13938511872;5203062784
2026-08-23 13:42:20;mimiomia;5.7;4.5;1.1;94.3;81.5;4553555968;665726976;1663336448;2198913024;4088344576;72.8;13938511872;5203062784
2026-08-23 13:42:31;mimiomia;6.2;5.0;1.3;93.6;82.5;4596473856;604254208;1706319872;2198913024;4088344576;72.8;13938511872;5203062784
2026-08-23 13:42:42;mimiomia;4.4;4.3;1.2;94.5;82.3;4600799232;611061760;1691602944;2198913024;4088344576;72.8;13938511872;5203062784
2026-08-23 13:42:53;mimiomia;4.7;4.0;1.3;94.6;82.9;4638142464;568139776;1754255360;2198913024;4088344576;72.8;13938511872;5203062784
2026-08-23 13:43:04;mimiomia;4.8;3.5;1.1;95.3;82.6;4615700480;587513856;1750798336;2198913024;4088344576;72.8;13938511872;5203062784
2026-08-23 13:43:15;mimiomia;5.2;3.7;1.3;94.9;82.5;4614864896;593334272;1746944000;2198913024;4088344576;72.8;13938511872;5203062784
2026-08-23 13:43:26;mimiomia;4.9;3.4;1.3;95.2;82.8;4615925760;578744320;1758822400;2198913024;4088344576;72.8;13938511872;5203062784
2026-08-23 13:43:37;mimiomia;4.8;3.5;1.2;95.2;83.2;4645466112;549105664;1773879296;2198650880;4088606720;72.8;13938511872;5203062784
2026-08-23 13:43:48;mimiomia;6.4;4.4;2.0;93.6;83.0;4641755136;550100992;1746677760;2198388736;4088868864;72.8;13938511872;5203062784
2026-08-23 13:43:59;mimiomia;4.2;3.7;1.5;94.8;82.8;4631400448;553058304;1720782848;2198388736;4088868864;72.8;13938511872;5203062784
2026-08-23 13:44:10;mimiomia;3.8;2.6;1.2;96.1;82.8;4629401600;556425216;1722368000;2198388736;4088868864;72.8;13938511872;5203062784
2026-08-23 13:44:21;mimiomia;3.9;2.5;0.9;96.6;82.8;4635557888;550838272;1729847296;2198388736;4088868864;72.8;13938511872;5203062784
2026-08-23 13:44:32;mimiomia;4.0;2.8;0.9;96.2;82.9;4623863808;545476608;1735929856;2198388736;4088868864;72.8;13938511872;5203062784
2026-08-23 13:44:43;mimiomia;3.6;2.4;0.7;96.9;82.5;4598259712;570793984;1715941376;2198388736;4088868864;72.8;13938511872;5203062784
2026-08-23 13:44:54;mimiomia;3.6;3.1;1.0;95.9;81.8;4548907008;611225600;1686007808;2198388736;4088868864;72.8;13938511872;5203062784
2026-08-23 13:45:05;mimiomia;3.9;2.8;1.0;96.2;81.9;4566237184;599777280;1713790976;2198114304;4089143296;72.8;13938511872;5203062784
2026-08-23 13:45:16;mimiomia;4.3;2.8;1.0;96.2;81.8;4557025280;606720000;1716764672;2197327872;4089929728;72.8;13938511872;5203062784
2026-08-23 13:45:27;mimiomia;4.2;3.2;1.0;95.9;81.9;4562022400;603918336;1727668224;2197327872;4089929728;72.8;13938511872;5203062784
2026-08-23 13:45:38;mimiomia;4.1;2.8;1.0;96.2;81.9;4561690624;604221440;1735430144;2197327872;4089929728;72.8;13938511872;5203062784
2026-08-23 13:45:49;mimiomia;5.5;5.5;1.3;93.1;84.3;4703846400;479789056;1948950528;2210959360;4076298240;72.8;13938511872;5203062784
2026-08-23 13:46:00;mimiomia;15.6;6.2;2.1;91.4;69.1;3848167424;1314070528;1538199552;2177900544;4109357056;72.8;13938511872;5203062784
2026-08-23 13:46:11;mimiomia;0.4;2.9;0.7;96.1;73.7;4108488704;1021616128;1894420480;2124066816;4163190784;72.8;13938511872;5203062784
2026-08-23 13:46:22;mimiomia;0.6;0.8;0.1;99.0;72.9;4062752768;1068011520;1857093632;2123804672;4163452928;72.8;13938511872;5203062784
2026-08-23 13:46:33;mimiomia;0.6;0.9;0.4;98.3;57.7;3147345920;1990877184;1214648320;1972957184;4314300416;72.8;13938511872;5203062784
2026-08-23 13:46:44;mimiomia;4.0;1.1;0.2;98.7;57.5;3132321792;2001395712;1229447168;1971122176;4316135424;72.8;13938511872;5203062784
2026-08-23 13:46:55;mimiomia;2.2;2.8;0.5;96.5;60.5;3313811456;1818464256;1424916480;1969549312;4317708288;72.8;13938511872;5203062784
2026-08-23 13:47:06;mimiomia;2.3;1.6;0.7;97.4;61.0;3348504576;1791774720;1443987456;1969549312;4317708288;72.8;13938511872;5203062784
2026-08-23 13:47:17;mimiomia;2.3;1.8;0.6;97.3;58.2;3178872832;1961451520;1271242752;1969549312;4317708288;72.8;13938511872;5203062784
2026-08-23 13:47:28;mimiomia;4.2;2.4;0.6;96.7;58.9;3220389888;1917706240;1322201088;1969287168;4317970432;72.8;13938511872;5203062784
2026-08-23 13:47:39;mimiomia;5.3;5.1;1.1;93.5;66.4;3672158208;1442922496;1832464384;1969025024;4318232576;72.8;13938511872;5203062784
2026-08-23 13:47:50;mimiomia;4.5;3.8;0.9;95.1;67.0;3708866560;1409474560;1861812224;1969025024;4318232576;72.8;13938511872;5203062784
2026-08-23 13:48:01;mimiomia;3.8;2.8;1.0;95.8;60.2;3297382400;1820856320;1445703680;1969025024;4318232576;72.8;13938511872;5203062784
2026-08-23 13:48:12;mimiomia;4.4;2.7;0.8;96.1;60.5;3315945472;1799925760;1459175424;1968762880;4318494720;72.8;13938511872;5203062784
2026-08-23 13:48:23;mimiomia;3.7;3.1;1.1;95.4;60.5;3318554624;1799507968;1473417216;1966358528;4320899072;72.8;13938511872;5203062784
2026-08-23 13:48:34;mimiomia;3.0;2.7;1.0;95.9;62.0;3340840960;1708494848;1564418048;1960824832;4326432768;72.8;13938511872;5203062784
2026-08-23 13:48:45;mimiomia;3.4;1.9;0.8;97.0;61.7;3336421376;1728196608;1553727488;1960562688;4326694912;72.8;13938511872;5203062784
2026-08-23 13:48:56;mimiomia;2.5;2.1;0.8;96.7;61.3;3317850112;1748963328;1525489664;1960562688;4326694912;72.8;13938511872;5203062784
2026-08-23 13:49:07;mimiomia;2.9;2.4;0.9;96.3;63.8;3448422400;1597030400;1629519872;1959514112;4327743488;72.8;13938511872;5203062784
2026-08-23 13:49:18;mimiomia;2.8;2.1;0.8;97.0;63.3;3424636928;1621045248;1630543872;1959514112;4327743488;72.8;13938511872;5203062784
2026-08-23 13:49:29;mimiomia;2.9;2.6;1.0;96.1;65.4;3585536000;1485684736;1741434880;1959251968;4328005632;72.8;13938511872;5203062784
2026-08-23 13:49:40;mimiomia;3.0;1.9;0.8;97.0;64.7;3543887872;1529802752;1709834240;1959251968;4328005632;72.8;13938511872;5203062784
2026-08-23 13:49:51;mimiomia;2.6;1.7;0.6;97.4;65.2;3567603712;1497419776;1719717888;1959251968;4328005632;72.8;13938511872;5203062784
2026-08-23 13:50:02;mimiomia;2.7;1.7;0.6;97.4;64.4;3526660096;1547960320;1698811904;1959251968;4328005632;72.8;13938511872;5203062784
2026-08-23 13:50:13;mimiomia;4.1;2.9;0.8;95.9;65.2;3568934912;1500139520;1738067968;1959251968;4328005632;72.8;13938515968;5203058688
2026-08-23 13:50:24;mimiomia;18.7;8.8;1.1;89.9;67.0;3681509376;1391243264;1836957696;1957941248;4329316352;72.8;13938515968;5203058688
2026-08-23 13:50:35;mimiomia;6.2;5.8;1.1;92.7;68.0;3728809984;1328316416;1909313536;1957679104;4329578496;72.8;13938515968;5203058688
2026-08-23 13:50:46;mimiomia;13.2;5.4;1.4;93.0;66.5;3635216384;1416298496;1788760064;1931657216;4355600384;72.8;13938515968;5203058688
2026-08-23 13:50:57;mimiomia;3.8;2.7;0.7;96.3;65.5;3574554624;1479385088;1764392960;1931395072;4355862528;72.8;13938515968;5203058688
2026-08-23 13:51:08;mimiomia;5.2;3.8;1.1;94.0;68.0;3735908352;1162354688;2031042560;1924317184;4362940416;72.8;13938515968;5203058688
2026-08-23 13:51:19;mimiomia;4.9;3.9;0.9;94.8;68.6;3760594944;1124589568;2100203520;1916547072;4370710528;72.8;13938515968;5203058688
2026-08-23 13:51:30;mimiomia;4.8;3.3;0.6;95.7;68.4;3754663936;1134489600;2107588608;1916530688;4370726912;72.8;13938515968;5203058688
2026-08-23 13:51:41;mimiomia;5.8;3.9;0.8;95.0;68.4;3758723072;1133101056;2095738880;1916268544;4370989056;72.8;13938515968;5203058688
2026-08-23 13:51:52;mimiomia;4.4;3.8;0.8;94.9;68.6;3770036224;1124937728;2109054976;1914687488;4372570112;72.8;13938515968;5203058688
2026-08-23 13:52:03;mimiomia;5.8;4.1;0.9;94.6;68.4;3776102400;1131311104;2107641856;1914425344;4372832256;72.8;13938515968;5203058688
2026-08-23 13:52:14;mimiomia;14.3;5.2;1.2;93.1;70.8;3916496896;969928704;2181570560;1912057856;4375199744;72.8;13938515968;5203058688
2026-08-23 13:52:25;mimiomia;6.5;4.5;1.0;94.1;73.1;4044611584;777969664;2371772416;1907535872;4379721728;72.8;13938515968;5203058688
2026-08-23 13:52:36;mimiomia;3.9;3.6;1.1;93.9;74.0;4100558848;675426304;2468515840;1886240768;4401016832;72.8;13938515968;5203058688
2026-08-23 13:52:47;mimiomia;3.2;3.3;0.9;95.5;71.1;3929526272;851959808;2339598336;1884659712;4402597888;72.8;13938515968;5203058688
2026-08-23 13:52:58;mimiomia;7.6;5.7;1.1;93.0;73.4;4068020224;703877120;2459877376;1881473024;4405784576;72.8;13938515968;5203058688
2026-08-23 13:53:09;mimiomia;20.3;4.6;1.4;93.6;78.9;4364201984;329367552;2736885760;1874870272;4412387328;72.8;13938515968;5203058688
2026-08-23 13:53:20;mimiomia;5.2;7.5;1.7;90.6;81.7;4536840192;150560768;2934759424;1876443136;4410814464;72.8;13938515968;5203058688
2026-08-23 13:53:31;mimiomia;2.9;3.7;1.1;94.9;82.1;4533727232;182796288;3061342208;1876443136;4410814464;72.8;13938515968;5203058688
2026-08-23 13:53:42;mimiomia;3.3;4.2;1.0;94.5;79.5;4355317760;324116480;2886791168;1875394560;4411863040;72.8;13938515968;5203058688
2026-08-23 13:53:53;mimiomia;5.4;3.0;0.9;95.7;80.1;4391452672;283746304;2966634496;1875132416;4412125184;72.8;13938515968;5203058688
2026-08-23 13:54:04;mimiomia;5.0;3.0;0.9;95.9;79.7;4382871552;304054272;2935193600;1874591744;4412665856;72.8;13938515968;5203058688
2026-08-23 13:54:15;mimiomia;4.6;3.1;1.0;95.7;79.2;4374708224;328441856;2833604608;1867227136;4420030464;72.8;13938515968;5203058688
2026-08-23 13:54:26;mimiomia;3.3;2.7;0.7;96.2;78.9;4345778176;346681344;2885832704;1867218944;4420038656;72.8;13938515968;5203058688
2026-08-23 13:54:37;mimiomia;3.7;2.3;0.8;96.6;79.0;4354310144;335863808;2900508672;1867218944;4420038656;72.8;13938515968;5203058688
2026-08-23 13:54:48;mimiomia;3.1;2.1;0.8;96.9;79.2;4364333056;331583488;2913787904;1867218944;4420038656;72.8;13938515968;5203058688
2026-08-23 13:54:59;mimiomia;3.3;2.1;0.7;96.9;79.0;4348948480;345169920;2913714176;1867218944;4420038656;72.8;13938515968;5203058688
2026-08-23 13:55:10;mimiomia;2.8;2.2;0.7;96.7;78.9;4347961344;348897280;2899324928;1867218944;4420038656;72.8;13938515968;5203058688
2026-08-23 13:55:21;mimiomia;5.0;2.8;0.8;96.2;79.4;4376637440;346959872;2938671104;1866956800;4420300800;72.8;13938515968;5203058688
2026-08-23 13:55:32;mimiomia;5.6;5.1;1.1;93.5;82.9;4576686080;130363392;3116945408;1860743168;4426514432;72.8;13938515968;5203058688
2026-08-23 13:55:43;mimiomia;3.3;3.2;0.8;95.7;80.8;4454092800;307646464;2988023808;1859956736;4427300864;72.8;13938515968;5203058688
2026-08-23 13:55:54;mimiomia;6.6;2.5;0.9;95.5;82.0;4521574400;242765824;3090563072;1859956736;4427300864;72.8;13938515968;5203058688
2026-08-23 13:56:05;mimiomia;2.8;2.4;0.9;96.0;81.3;4472082432;229117952;3071410176;1858908160;4428349440;72.8;13938515968;5203058688
2026-08-23 13:56:16;mimiomia;5.4;2.7;0.9;95.9;81.5;4480790528;214073344;3101581312;1857589248;4429668352;72.8;13938515968;5203058688
2026-08-23 13:56:27;mimiomia;2.7;2.2;0.7;96.8;81.8;4496154624;196562944;3117809664;1857589248;4429668352;72.8;13938515968;5203058688
2026-08-23 13:56:38;mimiomia;2.8;2.2;0.7;97.0;81.8;4499681280;193224704;3124162560;1857327104;4429930496;72.8;13938515968;5203058688
2026-08-23 13:56:49;mimiomia;3.0;2.0;0.7;97.2;82.0;4491755520;217772032;3157319680;1857589248;4429668352;72.8;13938515968;5203058688
2026-08-23 13:57:00;mimiomia;3.4;2.2;0.8;96.7;81.7;4468211712;377405440;3170873344;1857589248;4429668352;72.8;13938515968;5203058688
2026-08-23 13:57:11;mimiomia;3.2;2.4;0.9;96.4;81.0;4424265728;409755648;3232071680;1858375680;4428881920;72.8;13938515968;5203058688
2026-08-23 13:57:22;mimiomia;3.0;2.0;0.8;97.0;81.5;4455178240;378265600;3251400704;1858375680;4428881920;72.8;13938515968;5203058688
2026-08-23 13:57:33;mimiomia;3.7;2.4;0.7;96.6;81.6;4461572096;371331072;3241951232;1858375680;4428881920;72.8;13938515968;5203058688
2026-08-23 13:57:44;mimiomia;3.0;3.3;1.3;94.3;80.1;4398104576;197480448;2433417216;1885900800;4401356800;72.8;13938515968;5203058688
2026-08-23 13:57:55;mimiomia;4.5;2.3;0.9;96.5;79.9;4377493504;262721536;2374582272;1898745856;4388511744;72.8;13938515968;5203058688
2026-08-23 13:58:06;mimiomia;5.6;2.4;0.9;96.2;78.6;4299882496;457891840;2335051776;1922600960;4364656640;72.8;13938515968;5203058688
2026-08-23 13:58:17;mimiomia;2.8;2.1;0.8;96.6;78.5;4304531456;458305536;2330669056;1922076672;4365180928;72.8;13938515968;5203058688
2026-08-23 13:58:28;mimiomia;4.0;3.2;0.8;95.6;78.2;4286816256;477143040;2351247360;1921290240;4365967360;72.8;13938515968;5203058688
2026-08-23 13:58:39;mimiomia;3.3;2.8;0.9;96.3;78.4;4292681728;464093184;2348232704;1921290240;4365967360;72.8;13938515968;5203058688
2026-08-23 13:58:50;mimiomia;3.1;3.0;0.9;95.9;80.5;4407422976;333602816;2418376704;1919979520;4367278080;72.8;13938515968;5203058688
2026-08-23 13:59:01;mimiomia;4.0;3.8;1.0;95.0;80.6;4415549440;327917568;2453897216;1919717376;4367540224;72.8;13938515968;5203058688
2026-08-23 13:59:12;mimiomia;4.3;4.0;1.1;94.7;80.1;4418269184;353574912;2418257920;1918406656;4368850944;72.8;13938515968;5203058688
2026-08-23 13:59:23;mimiomia;2.8;2.3;0.8;96.6;78.3;4317429760;459517952;2362744832;1918406656;4368850944;72.8;13938515968;5203058688
2026-08-23 13:59:34;mimiomia;3.0;1.9;0.7;97.0;78.2;4310671360;466272256;2363682816;1918406656;4368850944;72.8;13938515968;5203058688
2026-08-23 13:59:45;mimiomia;4.7;2.4;0.8;96.7;78.9;4330541056;425992192;2392293376;1918406656;4368850944;72.8;13938515968;5203058688
2026-08-23 13:59:56;mimiomia;2.8;2.8;0.7;96.2;77.5;4256563200;490459136;2345193472;1918144512;4369113088;72.8;13938515968;5203058688
2026-08-23 14:00:07;mimiomia;3.6;3.1;0.7;95.8;77.5;4254294016;489394176;2358571008;1918144512;4369113088;72.8;13938515968;5203058688
2026-08-23 14:00:18;mimiomia;4.0;2.7;0.7;96.3;77.3;4245229568;490274816;2378760192;1917571072;4369686528;72.8;13938515968;5203058688
2026-08-23 14:00:29;mimiomia;3.7;3.5;1.0;95.3;74.8;4110336000;637652992;2233856000;1916260352;4370997248;72.8;13938515968;5203058688
2026-08-23 14:00:40;mimiomia;3.9;3.3;1.0;94.9;72.3;3955744768;786452480;2111238144;1517064192;4770193408;72.8;13938515968;5203058688
2026-08-23 14:00:51;mimiomia;7.8;6.8;1.5;91.4;73.2;4009000960;675565568;2254872576;1512579072;4774678528;72.8;13938515968;5203058688
2026-08-23 14:01:02;mimiomia;3.1;2.4;0.6;96.7;71.5;3908505600;781021184;2239025152;1512316928;4774940672;72.8;13938515968;5203058688
2026-08-23 14:01:13;mimiomia;6.1;2.5;0.7;96.6;70.2;3829334016;861761536;2156978176;1512316928;4774940672;72.8;13938515968;5203058688
2026-08-23 14:01:24;mimiomia;6.4;3.2;0.8;95.7;70.5;3847479296;841502720;2169434112;1512316928;4774940672;72.8;13938515968;5203058688
2026-08-23 14:01:35;mimiomia;3.7;2.4;0.7;96.7;70.5;3849945088;838930432;2180403200;1512316928;4774940672;72.8;13938515968;5203058688
2026-08-23 14:01:46;mimiomia;3.6;2.4;0.8;96.6;70.2;3830489088;858730496;2174058496;1511006208;4776251392;72.8;13938515968;5203058688
2026-08-23 14:01:57;mimiomia;3.4;2.4;0.9;96.4;69.4;3782778880;906461184;2146004992;1511006208;4776251392;72.8;13938515968;5203058688
2026-08-23 14:02:08;mimiomia;4.7;2.4;0.7;96.7;69.8;3806588928;879222784;2156355584;1510481920;4776775680;72.8;13938515968;5203058688
2026-08-23 14:02:19;mimiomia;3.4;2.6;0.9;96.3;69.5;3788283904;895315968;2133639168;1510481920;4776775680;72.8;13938515968;5203058688
2026-08-23 14:02:30;mimiomia;3.4;2.8;0.9;95.9;70.0;3817926656;864227328;2159755264;1510481920;4776775680;72.8;13938515968;5203058688
2026-08-23 14:02:41;mimiomia;3.5;2.9;0.8;96.1;70.0;3823828992;862470144;2156306432;1509695488;4777562112;72.8;13938515968;5203058688
2026-08-23 14:02:52;mimiomia;3.6;2.6;0.8;96.3;70.2;3833303040;852811776;2159374336;1509695488;4777562112;72.8;13938515968;5203058688
2026-08-23 14:03:03;mimiomia;2.3;2.6;0.8;96.4;70.0;3825881088;861290496;2161950720;1509695488;4777562112;72.8;13938515968;5203058688
2026-08-23 14:03:14;mimiomia;3.7;2.6;0.8;96.4;70.0;3828195328;859582464;2153717760;1508384768;4778872832;72.8;13938515968;5203058688
2026-08-23 14:03:25;mimiomia;3.4;2.8;0.8;96.3;70.5;3847159808;831172608;2187603968;1508384768;4778872832;72.8;13938515968;5203058688
2026-08-23 14:03:36;mimiomia;7.2;4.2;1.0;94.6;71.7;3914518528;757927936;2244538368;1507598336;4779659264;72.8;13938515968;5203058688
2026-08-23 14:03:47;mimiomia;4.3;4.7;1.3;93.9;71.9;3916492800;741900288;2279026688;1507598336;4779659264;72.8;13938515968;5203058688
2026-08-23 14:03:58;mimiomia;4.7;4.7;1.1;94.0;72.5;3958738944;704802816;2288504832;1506811904;4780445696;72.8;13938515968;5203058688
2026-08-23 14:04:09;mimiomia;3.2;4.7;1.0;94.2;72.2;3939201024;726573056;2292166656;1506811904;4780445696;72.8;13938515968;5203058688
2026-08-23 14:04:20;mimiomia;6.7;4.8;1.0;93.9;72.8;3980447744;687345664;2302398464;1506287616;4780969984;72.8;13938515968;5203058688
2026-08-23 14:04:31;mimiomia;7.2;4.8;1.0;94.0;73.2;3998523392;659214336;2334375936;1506287616;4780969984;72.8;13938515968;5203058688
2026-08-23 14:04:42;mimiomia;4.8;5.5;1.1;93.3;73.2;3993108480;659607552;2343727104;1506025472;4781232128;72.8;13938515968;5203058688
2026-08-23 14:04:53;mimiomia;4.2;3.7;1.0;95.1;73.9;4029865984;617009152;2386321408;1505763328;4781494272;72.8;13938515968;5203058688
2026-08-23 14:05:04;mimiomia;5.1;2.6;0.7;96.5;73.4;4021403648;644718592;2365652992;1505763328;4781494272;72.8;13938515968;5203058688
2026-08-23 14:05:15;mimiomia;3.0;3.8;0.7;95.2;73.4;4018049024;644059136;2361995264;1505763328;4781494272;72.8;13938515968;5203058688
2026-08-23 14:05:26;mimiomia;4.2;3.3;0.7;95.7;73.1;3999703040;661073920;2324623360;1502871552;4784386048;72.8;13938515968;5203058688
2026-08-23 14:05:37;mimiomia;5.1;4.2;0.8;94.7;72.3;3968282624;704843776;2287747072;1502871552;4784386048;72.8;13938515968;5203058688
2026-08-23 14:05:48;mimiomia;5.3;4.3;0.9;94.5;71.8;3930632192;737857536;2259587072;1502609408;4784648192;72.8;13938515968;5203058688
2026-08-23 14:05:59;mimiomia;5.4;3.9;1.0;94.9;72.0;3928039424;723456000;2272919552;1502609408;4784648192;72.8;13938515968;5203058688
2026-08-23 14:06:10;mimiomia;5.7;4.8;1.0;94.1;72.1;3932487680;721186816;2288107520;1501298688;4785958912;72.8;13938515968;5203058688
2026-08-23 14:06:21;mimiomia;4.4;3.9;0.9;94.9;71.8;3941015552;737755136;2271432704;1501298688;4785958912;72.8;13938515968;5203058688
2026-08-23 14:06:32;mimiomia;4.5;3.6;1.0;95.1;70.4;3862130688;820621312;2170347520;1501298688;4785958912;72.8;13938515968;5203058688
2026-08-23 14:06:43;mimiomia;4.5;3.1;0.9;95.8;70.8;3876610048;799002624;2185007104;1500774400;4786483200;72.8;13938515968;5203058688
2026-08-23 14:06:54;mimiomia;4.7;3.3;0.9;95.6;69.8;3820904448;858615808;2142146560;1500180480;4787077120;72.8;13938515968;5203058688
2026-08-23 14:07:05;mimiomia;4.3;3.6;1.1;95.0;70.2;3842121728;827756544;2173337600;1498869760;4788387840;72.8;13938515968;5203058688
2026-08-23 14:07:16;mimiomia;4.2;4.6;1.0;94.2;71.2;3896213504;760414208;2237505536;1497411584;4789846016;72.8;13938515968;5203058688
2026-08-23 14:07:27;mimiomia;4.4;3.4;0.8;95.5;70.7;3866304512;794472448;2221039616;1497149440;4790108160;72.8;13938515968;5203058688
2026-08-23 14:07:38;mimiomia;3.1;2.9;0.8;96.1;70.2;3836502016;824254464;2200367104;1484828672;4802428928;72.8;13938515968;5203058688
2026-08-23 14:07:49;mimiomia;5.8;3.3;1.0;95.4;73.4;4008210432;623157248;2350628864;1484304384;4802953216;72.8;13938515968;5203058688
2026-08-23 14:08:00;mimiomia;3.3;2.9;1.0;95.7;71.8;3932450816;716681216;2262077440;1484042240;4803215360;72.8;13938515968;5203058688
2026-08-23 14:08:11;mimiomia;3.8;3.6;1.2;95.0;72.5;3964469248;675454976;2288021504;1484042240;4803215360;72.8;13938515968;5203058688
2026-08-23 14:08:22;mimiomia;3.5;3.5;0.9;95.4;73.2;3975462912;628199424;2335219712;1480151040;4807106560;72.8;13938515968;5203058688
2026-08-23 14:08:33;mimiomia;5.5;4.2;1.2;94.4;77.2;4167749632;386088960;2546855936;1479364608;4807892992;72.8;13938515968;5203058688
2026-08-23 14:08:44;mimiomia;4.8;3.3;1.1;95.3;74.5;4034236416;546430976;2355699712;1480937472;4806320128;72.8;13938515968;5203058688
2026-08-23 14:08:55;mimiomia;2.4;2.8;1.0;95.9;74.0;4022128640;576249856;2325860352;1480937472;4806320128;72.8;13938515968;5203058688
2026-08-23 14:09:06;mimiomia;3.8;3.7;0.8;95.3;72.6;3942182912;659378176;2256789504;1480937472;4806320128;72.8;13938515968;5203058688
2026-08-23 14:09:17;mimiomia;7.6;3.0;0.6;96.2;70.0;3791613952;820695040;2075619328;1480937472;4806320128;72.8;13938515968;5203058688
2026-08-23 14:09:28;mimiomia;5.5;4.1;1.1;94.6;73.8;4028043264;580120576;2261647360;1480413184;4806844416;72.8;13938515968;5203058688
2026-08-23 14:09:39;mimiomia;2.4;3.7;0.8;95.2;72.5;3918491648;655290368;2233454592;1480151040;4807106560;72.8;13938515968;5203058688
2026-08-23 14:09:50;mimiomia;9.9;5.3;1.5;93.0;77.3;4238606336;350908416;2452996096;1479888896;4807368704;72.8;13938515968;5203058688
2026-08-23 14:10:01;mimiomia;4.8;3.7;0.9;95.2;75.1;4118683648;476811264;2381848576;1479614464;4807643136;72.8;13938515968;5203058688
2026-08-23 14:10:12;mimiomia;2.7;2.4;0.7;96.5;74.8;4103426048;494862336;2376749056;1479614464;4807643136;72.8;13938515968;5203058688
2026-08-23 14:10:23;mimiomia;7.9;2.7;0.7;96.3;75.0;4111699968;486735872;2396753920;1479614464;4807643136;72.8;13938520064;5203054592
2026-08-23 14:10:34;mimiomia;3.3;2.7;0.7;96.2;73.4;4020400128;569036800;2291056640;1479614464;4807643136;72.8;13938520064;5203054592
2026-08-23 14:10:45;mimiomia;2.6;2.6;0.7;96.3;73.6;4029861888;556195840;2322739200;1479352320;4807905280;72.8;13938520064;5203054592
2026-08-23 14:10:56;mimiomia;5.0;2.5;0.7;96.6;74.4;4074418176;512692224;2354053120;1479090176;4808167424;72.8;13938520064;5203054592
2026-08-23 14:11:07;mimiomia;3.0;2.5;0.8;96.5;75.5;4144189440;440950784;2425466880;1479077888;4808179712;72.8;13938520064;5203054592
2026-08-23 14:11:18;mimiomia;4.6;2.5;0.7;96.5;75.9;4170227712;417820672;2467450880;1478815744;4808441856;72.8;13938520064;5203054592
2026-08-23 14:11:29;mimiomia;3.1;2.3;0.7;96.8;76.5;4208812032;380342272;2497593344;1478815744;4808441856;72.8;13938520064;5203054592
2026-08-23 14:11:40;mimiomia;3.6;2.9;1.0;95.7;79.5;4385067008;187981824;2633846784;1477447680;4809809920;72.8;13938520064;5203054592
2026-08-23 14:11:51;mimiomia;3.4;2.4;0.7;96.4;77.6;4284624896;304259072;2543599616;1476661248;4810596352;72.8;13938520064;5203054592
2026-08-23 14:12:02;mimiomia;4.0;3.3;1.0;95.5;70.2;3841474560;751411200;2151837696;1476661248;4810596352;72.8;13938520064;5203054592
2026-08-23 14:12:13;mimiomia;10.1;2.9;1.0;95.8;72.9;3992092672;587603968;2237206528;1476661248;4810596352;72.8;13938520064;5203054592
2026-08-23 14:12:24;mimiomia;2.0;2.7;1.1;96.1;72.5;3952918528;601153536;2262867968;1476661248;4810596352;72.8;13938520064;5203054592
2026-08-23 14:12:35;mimiomia;3.1;2.0;0.7;97.1;72.1;3929788416;623521792;2238865408;1476661248;4810596352;72.8;13938520064;5203054592
2026-08-23 14:12:46;mimiomia;3.6;2.2;0.9;96.6;71.8;3908751360;642187264;2234933248;1476661248;4810596352;72.8;13938520064;5203054592
2026-08-23 14:12:57;mimiomia;3.2;2.9;0.7;96.2;72.9;3979599872;571518976;2259193856;1476661248;4810596352;72.8;13938520064;5203054592
2026-08-23 14:13:08;mimiomia;3.4;2.7;0.8;96.4;73.3;4002820096;547028992;2294693888;1476661248;4810596352;72.8;13938520064;5203054592
2026-08-23 14:13:19;mimiomia;2.8;4.3;1.2;94.3;72.5;3964493824;589721600;2201411584;1476399104;4810858496;72.8;13938520064;5203054592
2026-08-23 14:13:30;mimiomia;4.5;5.1;1.3;93.4;74.2;4049199104;481734656;2340585472;1476399104;4810858496;72.8;13938520064;5203054592
2026-08-23 14:13:41;mimiomia;2.6;2.6;0.7;96.6;73.6;4014374912;521228288;2325753856;1476399104;4810858496;72.8;13938520064;5203054592
2026-08-23 14:13:52;mimiomia;3.2;2.7;0.9;96.2;73.7;4018622464;515190784;2336968704;1476399104;4810858496;72.8;13938520064;5203054592
2026-08-23 14:14:03;mimiomia;4.0;3.6;0.9;95.4;73.4;4003303424;529891328;2331078656;1476399104;4810858496;72.8;13938520064;5203054592
2026-08-23 14:14:14;mimiomia;3.3;3.5;0.8;95.6;73.1;3986583552;547328000;2318868480;1476399104;4810858496;72.8;13938520064;5203054592
2026-08-23 14:14:25;mimiomia;3.9;2.5;0.8;96.5;73.4;4003323904;532647936;2338357248;1475874816;4811382784;72.8;13938520064;5203054592
2026-08-23 14:14:36;mimiomia;3.0;2.4;0.7;96.8;73.3;4004532224;533839872;2337644544;1475874816;4811382784;72.8;13938520064;5203054592
2026-08-23 14:14:47;mimiomia;3.2;2.4;0.7;96.7;73.2;3993632768;544755712;2325745664;1475874816;4811382784;72.8;13938520064;5203054592
2026-08-23 14:14:58;mimiomia;2.5;2.5;0.8;96.6;73.3;3995779072;537026560;2332561408;1475874816;4811382784;72.8;13938520064;5203054592
2026-08-23 14:15:09;mimiomia;2.8;2.6;0.8;96.5;73.3;3995443200;538005504;2327236608;1475874816;4811382784;72.8;13938520064;5203054592
2026-08-23 14:15:20;mimiomia;4.4;2.4;0.8;96.6;73.2;3988439040;538988544;2336821248;1475612672;4811644928;72.8;13938520064;5203054592
2026-08-23 14:15:31;mimiomia;2.7;2.8;0.9;96.2;73.2;3991736320;543174656;2319704064;1475612672;4811644928;72.8;13938520064;5203054592
2026-08-23 14:15:42;mimiomia;4.6;2.6;0.8;96.4;72.8;3971870720;562528256;2318667776;1475612672;4811644928;72.8;13938520064;5203054592
2026-08-23 14:15:53;mimiomia;3.1;2.6;0.8;96.4;72.7;3965669376;568463360;2308272128;1475604480;4811653120;72.8;13938520064;5203054592
2026-08-23 14:16:04;mimiomia;4.0;2.7;0.8;96.2;72.7;3962859520;570884096;2308562944;1475604480;4811653120;72.8;13938520064;5203054592
2026-08-23 14:16:15;mimiomia;5.0;2.5;0.8;96.5;72.7;3964211200;571162624;2297851904;1475604480;4811653120;72.8;13938520064;5203054592
2026-08-23 14:16:26;mimiomia;3.2;2.7;0.9;96.2;72.5;3956916224;581386240;2290810880;1475604480;4811653120;72.8;13938520064;5203054592
2026-08-23 14:16:37;mimiomia;2.9;2.5;0.8;96.5;72.8;3967660032;566497280;2302623744;1475604480;4811653120;72.8;13938520064;5203054592
2026-08-23 14:16:48;mimiomia;3.7;2.5;0.9;96.5;72.8;3970174976;560787456;2312429568;1475604480;4811653120;72.8;13938520064;5203054592
2026-08-23 14:16:59;mimiomia;4.1;2.8;1.1;95.9;73.4;4001452032;529264640;2319527936;1475604480;4811653120;72.8;13938520064;5203054592
2026-08-23 14:17:10;mimiomia;3.0;2.3;0.8;96.7;73.2;3993620480;539910144;2321358848;1475604480;4811653120;72.8;13938520064;5203054592
2026-08-23 14:17:21;mimiomia;5.3;3.0;0.8;96.1;72.5;3953565696;579248128;2279268352;1475604480;4811653120;72.8;13938520064;5203054592
2026-08-23 14:17:32;mimiomia;2.7;2.6;0.9;96.3;72.8;3971719168;561201152;2262274048;1475604480;4811653120;72.8;13938520064;5203054592
2026-08-23 14:17:43;mimiomia;3.5;2.7;0.7;96.4;72.4;3952619520;581124096;2259574784;1475604480;4811653120;72.8;13938520064;5203054592
2026-08-23 14:17:54;mimiomia;3.0;3.3;0.8;95.7;71.9;3919888384;615796736;2234884096;1475604480;4811653120;72.8;13938520064;5203054592
2026-08-23 14:18:05;mimiomia;5.0;2.7;0.8;96.2;72.7;3971256320;566333440;2277429248;1473507328;4813750272;72.8;13938520064;5203054592
2026-08-23 14:18:16;mimiomia;3.6;3.5;0.8;95.5;72.8;3975860224;559882240;2286125056;1473507328;4813750272;72.8;13938520064;5203054592
2026-08-23 14:18:27;mimiomia;3.8;2.8;0.6;96.3;72.8;3979038720;562208768;2309296128;1473507328;4813750272;72.8;13938520064;5203054592
2026-08-23 14:18:38;mimiomia;3.7;3.4;0.7;95.7;73.1;3988615168;544935936;2315706368;1472983040;4814274560;72.8;13938520064;5203054592
2026-08-23 14:18:49;mimiomia;8.1;3.0;0.7;95.9;73.2;3996033024;538517504;2329763840;1472983040;4814274560;72.8;13938520064;5203054592
2026-08-23 14:19:00;mimiomia;2.9;3.6;0.9;95.3;70.5;3847450624;698261504;2172772352;1472983040;4814274560;72.8;13938520064;5203054592
2026-08-23 14:19:11;mimiomia;6.3;3.8;0.8;95.3;71.0;3883188224;663306240;2201706496;1472983040;4814274560;72.8;13938520064;5203054592
2026-08-23 14:19:22;mimiomia;3.4;4.0;1.0;94.8;70.9;3879800832;671997952;2189922304;1472983040;4814274560;72.8;13938520064;5203054592
2026-08-23 14:19:33;mimiomia;4.3;3.8;0.9;95.0;70.7;3866210304;683520000;2188914688;1472983040;4814274560;72.8;13938520064;5203054592
2026-08-23 14:19:44;mimiomia;6.1;3.4;0.8;95.5;71.3;3907125248;647872512;2197250048;1472720896;4814536704;72.8;13938520064;5203054592
2026-08-23 14:19:55;mimiomia;4.6;5.8;1.7;92.2;76.5;4206546944;286605312;2485882880;1472446464;4814811136;72.8;13938520064;5203054592
2026-08-23 14:20:06;mimiomia;3.1;3.0;0.8;95.9;75.1;4115877888;375779328;2424049664;1472446464;4814811136;72.8;13938520064;5203054592
2026-08-23 14:20:17;mimiomia;3.5;3.2;0.9;95.6;74.0;4051595264;438837248;2374369280;1472446464;4814811136;72.8;13938524160;5203050496
2026-08-23 14:20:28;mimiomia;2.4;3.1;0.8;95.8;73.8;4035772416;452165632;2360598528;1472184320;4815073280;72.8;13938524160;5203050496
2026-08-23 14:20:39;mimiomia;9.1;9.2;1.2;89.4;78.5;4298301440;168583168;2658467840;1472184320;4815073280;72.8;13938524160;5203050496
2026-08-23 14:20:50;mimiomia;10.5;4.3;0.9;94.6;78.6;4320149504;157036544;2698948608;1477165056;4810092544;72.8;13938524160;5203050496
2026-08-23 14:21:01;mimiomia;5.2;4.6;1.3;93.8;72.4;3961761792;555450368;2363174912;1491582976;4795674624;72.8;13938524160;5203050496
2026-08-23 14:21:12;mimiomia;5.9;6.4;1.2;92.2;74.2;4081975296;444497920;2451279872;1490796544;4796461056;72.8;13938524160;5203050496
2026-08-23 14:21:23;mimiomia;3.3;4.5;1.3;93.9;72.8;3979866112;647483392;2366697472;1495252992;4792004608;72.8;13938524160;5203050496
2026-08-23 14:21:34;mimiomia;15.2;8.3;1.9;89.4;82.3;4542005248;153612288;2868756480;1501282304;4785975296;72.8;13938524160;5203050496
2026-08-23 14:21:45;mimiomia;4.6;5.5;1.4;92.9;83.9;4607180800;166780928;3112198144;1527496704;4759760896;72.8;13938524160;5203050496
2026-08-23 14:21:56;mimiomia;4.3;5.7;1.3;92.8;81.5;4476358656;330997760;3049930752;1535098880;4752158720;72.8;13938524160;5203050496
2026-08-23 14:22:07;mimiomia;4.3;3.8;1.0;95.0;77.3;4250083328;582582272;2792054784;1534574592;4752683008;72.8;13938524160;5203050496
2026-08-23 14:22:18;mimiomia;6.3;4.7;0.9;94.3;75.6;4147351552;688050176;2749804544;1493504000;4793753600;72.8;13938524160;5203050496
2026-08-23 14:22:29;mimiomia;4.3;4.8;1.1;93.9;76.4;4199751680;631894016;2808553472;1493504000;4793753600;72.8;13938524160;5203050496
2026-08-23 14:22:40;mimiomia;3.1;6.1;1.0;92.8;76.0;4185411584;653115392;2756296704;1491668992;4795588608;72.8;13938524160;5203050496
2026-08-23 14:22:51;mimiomia;4.6;3.1;0.7;95.8;76.7;4225728512;611377152;2801647616;1491668992;4795588608;72.8;13938524160;5203050496
2026-08-23 14:23:02;mimiomia;12.6;9.1;2.8;87.4;82.1;4523413504;533803008;2934321152;1518145536;4769112064;72.8;13938524160;5203050496
2026-08-23 14:23:13;mimiomia;3.5;6.5;2.4;90.5;76.0;4181913600;991903744;1211666432;1593110528;4694147072;72.8;13938524160;5203050496
2026-08-23 14:23:24;mimiomia;6.5;4.9;1.1;93.7;76.7;4220596224;941060096;1256574976;1592848384;4694409216;72.8;13938524160;5203050496
2026-08-23 14:23:35;mimiomia;7.1;3.4;0.8;95.5;74.9;4111818752;1053593600;1179267072;1592061952;4695195648;72.8;13938524160;5203050496
2026-08-23 14:23:46;mimiomia;5.1;3.8;0.9;95.1;74.5;4091895808;1071591424;1209180160;1592061952;4695195648;72.8;13938524160;5203050496
2026-08-23 14:23:57;mimiomia;4.0;2.5;0.7;96.5;74.4;4081868800;1080872960;1198751744;1592061952;4695195648;72.8;13938524160;5203050496
2026-08-23 14:24:08;mimiomia;3.2;2.3;0.7;96.7;73.2;4013203456;1155801088;1138151424;1592061952;4695195648;72.8;13938524160;5203050496
2026-08-23 14:24:19;mimiomia;3.1;2.3;0.8;96.7;73.3;4019236864;1146597376;1143054336;1591799808;4695457792;72.8;13938524160;5203050496
2026-08-23 14:24:30;mimiomia;3.6;2.7;0.8;96.1;73.0;4001869824;1163677696;1126109184;1589702656;4697554944;72.8;13938524160;5203050496
2026-08-23 14:24:41;mimiomia;3.9;2.4;0.8;96.4;73.0;4000743424;1163927552;1118216192;1589702656;4697554944;72.8;13938524160;5203050496
2026-08-23 14:24:52;mimiomia;3.7;2.5;0.7;96.5;73.0;4000718848;1161641984;1130782720;1589440512;4697817088;72.8;13938524160;5203050496
2026-08-23 14:25:03;mimiomia;4.3;2.7;0.7;96.3;73.0;4000890880;1163493376;1130553344;1589440512;4697817088;72.8;13938524160;5203050496
2026-08-23 14:25:14;mimiomia;3.6;2.7;0.8;96.2;73.0;3998404608;1162600448;1143558144;1589440512;4697817088;72.8;13938524160;5203050496
2026-08-23 14:25:25;mimiomia;5.4;3.0;0.8;95.9;74.0;4039086080;1103863808;1196290048;1589440512;4697817088;72.8;13938524160;5203050496
2026-08-23 14:25:36;mimiomia;4.5;3.8;1.0;95.1;74.3;4069777408;1083437056;1221554176;1585508352;4701749248;72.8;13938524160;5203050496
2026-08-23 14:25:47;mimiomia;3.6;3.1;0.7;96.0;73.9;4042915840;1101074432;1290686464;1581051904;4706205696;72.8;13938524160;5203050496
2026-08-23 14:25:58;mimiomia;2.9;2.0;0.8;96.9;73.4;4013432832;1129824256;1290383360;1580789760;4706467840;72.8;13938524160;5203050496
2026-08-23 14:26:09;mimiomia;3.4;3.6;0.9;95.4;73.6;4003434496;1114054656;1328562176;1580789760;4706467840;72.8;13938524160;5203050496
2026-08-23 14:26:20;mimiomia;5.0;3.7;1.0;95.0;75.5;4128325632;997531648;1400299520;1577906176;4709351424;72.8;13938524160;5203050496
2026-08-23 14:26:31;mimiomia;4.2;3.0;0.8;96.0;74.8;4089745408;1038098432;1403842560;1577381888;4709875712;72.8;13938524160;5203050496
2026-08-23 14:26:42;mimiomia;2.7;3.5;0.8;95.5;73.8;4038742016;1098104832;1353089024;1577119744;4710137856;72.8;13938524160;5203050496
2026-08-23 14:26:53;mimiomia;3.0;2.3;0.7;96.8;74.0;4045869056;1073393664;1374617600;1577119744;4710137856;72.8;13938524160;5203050496
2026-08-23 14:27:04;mimiomia;14.0;8.1;1.9;89.8;81.1;4466978816;603799552;1716514816;1576333312;4710924288;72.8;13938524160;5203050496
2026-08-23 14:27:15;mimiomia;4.1;4.5;1.1;94.2;82.7;4550385664;498999296;1842036736;1576333312;4710924288;72.8;13938524160;5203050496
2026-08-23 14:27:26;mimiomia;5.9;3.9;0.8;95.2;78.4;4304838656;761417728;1648742400;1575809024;4711448576;72.8;13938524160;5203050496
2026-08-23 14:27:37;mimiomia;3.3;3.4;0.8;95.7;78.9;4342964224;724242432;1667141632;1575809024;4711448576;72.8;13938524160;5203050496
2026-08-23 14:27:48;mimiomia;3.5;2.8;0.7;96.4;79.1;4344832000;717279232;1688313856;1575546880;4711710720;72.8;13938524160;5203050496
2026-08-23 14:27:59;mimiomia;3.3;3.4;0.7;95.7;79.2;4352823296;709365760;1705070592;1575546880;4711710720;72.8;13938524160;5203050496
2026-08-23 14:28:10;mimiomia;2.3;3.0;0.7;96.1;79.2;4358144000;708366336;1713213440;1575546880;4711710720;72.8;13938524160;5203050496
2026-08-23 14:28:21;mimiomia;5.3;4.1;0.8;95.0;80.7;4438487040;618786816;1788198912;1575284736;4711972864;72.8;13938524160;5203050496
2026-08-23 14:28:32;mimiomia;1.2;8.0;2.1;89.7;81.3;4487557120;484376576;1974816768;1540423680;4746833920;72.8;13938524160;5203050496
2026-08-23 14:28:43;mimiomia;4.2;1.9;0.5;97.5;79.2;4359172096;613445632;1898831872;1540423680;4746833920;72.8;13938524160;5203050496
2026-08-23 14:28:54;mimiomia;15.5;8.3;2.0;89.4;82.9;4557799424;410677248;2515099648;1541660672;4745596928;72.8;13938524160;5203050496
2026-08-23 14:29:05;mimiomia;5.9;6.0;1.3;92.3;87.0;4761866240;154685440;2967191552;1570496512;4716761088;72.8;13938524160;5203050496
2026-08-23 14:29:16;mimiomia;4.4;2.6;0.6;96.6;84.6;4611080192;304705536;2804985856;1570234368;4717023232;72.8;13938524160;5203050496
2026-08-23 14:29:27;mimiomia;2.6;2.8;1.0;95.9;81.1;4442218496;495247360;2678132736;1571020800;4716236800;72.8;13938524160;5203050496
2026-08-23 14:29:38;mimiomia;2.0;2.9;1.0;96.0;76.8;4177416192;751730688;2404368384;1570758656;4716498944;72.8;13938524160;5203050496
2026-08-23 14:29:49;mimiomia;2.6;2.0;0.8;96.9;76.7;4166049792;753532928;2411716608;1570234368;4717023232;72.8;13938524160;5203050496
2026-08-23 14:30:00;mimiomia;3.1;2.2;1.1;96.5;76.4;4175241216;769695744;2419904512;1569447936;4717809664;72.8;13938524160;5203050496
2026-08-23 14:30:11;mimiomia;2.7;2.4;0.8;96.5;76.7;4198232064;753524736;2436345856;1568923648;4718333952;72.8;13938524160;5203050496
2026-08-23 14:30:22;mimiomia;13.1;2.7;0.8;96.1;78.4;4298072064;640430080;2529452032;1567350784;4719906816;72.8;13938528256;5203046400
2026-08-23 14:30:33;mimiomia;2.7;2.5;0.8;96.5;77.8;4266196992;678973440;2495254528;1567350784;4719906816;72.8;13938528256;5203046400
2026-08-23 14:30:44;mimiomia;2.8;2.3;1.1;95.3;80.1;4367986688;358432768;2682753024;1562382336;4724875264;72.8;13938528256;5203046400
2026-08-23 14:30:55;mimiomia;7.0;2.4;0.9;96.6;81.5;4438704128;261787648;2787639296;1562382336;4724875264;72.8;13938528256;5203046400
2026-08-23 14:31:06;mimiomia;2.9;2.4;0.8;96.5;80.6;4396122112;314437632;2742104064;1561595904;4725661696;72.8;13938528256;5203046400
2026-08-23 14:31:17;mimiomia;3.9;2.5;0.8;96.3;80.3;4378185728;330878976;2741014528;1561595904;4725661696;72.8;13938528256;5203046400
2026-08-23 14:31:28;mimiomia;4.7;4.1;1.4;94.0;84.7;4605091840;237985792;3173990400;1578635264;4708622336;72.8;13938528256;5203046400
2026-08-23 14:31:39;mimiomia;2.8;3.7;1.2;94.8;85.8;4685783040;172093440;3245969408;1581780992;4705476608;72.8;13938528256;5203046400
2026-08-23 14:31:50;mimiomia;2.5;2.9;1.0;95.9;80.0;4354412544;526151680;3027259392;1588596736;4698660864;72.8;13938528256;5203046400
2026-08-23 14:32:01;mimiomia;3.3;3.3;1.0;95.5;81.4;4438208512;434003968;3078270976;1588072448;4699185152;72.8;13938528256;5203046400
2026-08-23 14:32:12;mimiomia;4.1;3.5;0.9;95.5;79.6;4332802048;541794304;2978476032;1588072448;4699185152;72.8;13938528256;5203046400
2026-08-23 14:32:23;mimiomia;7.4;2.7;1.0;96.0;82.2;4472827904;364769280;3144183808;1593839616;4693417984;72.8;13938528256;5203046400
2026-08-23 14:32:34;mimiomia;3.7;3.1;1.0;95.6;83.8;4554858496;249249792;3242614784;1593053184;4694204416;72.8;13938528256;5203046400
2026-08-23 14:32:45;mimiomia;9.1;4.9;1.2;93.4;87.4;4818944000;188166144;1176281088;1705512960;4581744640;72.8;13938528256;5203046400
2026-08-23 14:32:56;mimiomia;8.4;4.9;1.1;93.7;88.6;4888571904;156483584;1245622272;1711017984;4576239616;72.8;13938528256;5203046400
2026-08-23 14:33:07;mimiomia;5.7;4.2;0.9;94.7;88.4;4878577664;205828096;1220661248;1718882304;4568375296;72.8;13938528256;5203046400
2026-08-23 14:33:18;mimiomia;9.1;4.2;1.1;94.5;81.7;4473081856;694509568;1360330752;1756893184;4530364416;72.8;13938528256;5203046400
2026-08-23 14:33:29;mimiomia;5.8;3.8;0.9;95.1;81.0;4424458240;738033664;1352454144;1755299840;4531957760;72.8;13938528256;5203046400
2026-08-23 14:33:40;mimiomia;4.1;3.0;0.9;95.8;79.5;4339093504;808595456;1351565312;1753464832;4533792768;72.8;13938528256;5203046400
2026-08-23 14:33:51;mimiomia;2.7;2.7;0.9;96.2;79.8;4354969600;789377024;1417060352;1747435520;4539822080;72.8;13938528256;5203046400
2026-08-23 14:34:02;mimiomia;2.6;1.8;0.6;97.1;81.0;4434489344;671506432;1541976064;1741668352;4545589248;72.8;13938528256;5203046400
2026-08-23 14:34:13;mimiomia;3.1;1.9;0.7;97.1;81.4;4462272512;644493312;1565073408;1741406208;4545851392;72.8;13938528256;5203046400
2026-08-23 14:34:24;mimiomia;4.3;3.8;0.8;95.2;81.8;4488220672;611786752;1573675008;1740881920;4546375680;72.8;13938528256;5203046400
2026-08-23 14:34:35;mimiomia;3.5;2.9;0.8;96.0;80.7;4435427328;673050624;1624944640;1740881920;4546375680;72.8;13938528256;5203046400
2026-08-23 14:34:46;mimiomia;3.3;2.2;0.8;96.7;80.6;4430417920;676446208;1630703616;1740881920;4546375680;72.8;13938528256;5203046400
2026-08-23 14:34:57;mimiomia;9.9;3.8;1.0;94.9;80.3;4405645312;689606656;1620856832;1740541952;4546715648;72.8;13938528256;5203046400
2026-08-23 14:35:08;mimiomia;9.5;4.8;1.3;93.6;83.0;4555694080;521232384;1824337920;1736871936;4550385664;72.8;13938528256;5203046400
2026-08-23 14:35:19;mimiomia;2.8;4.4;1.1;94.1;83.4;4575318016;491335680;1842716672;1736609792;4550647808;72.8;13938528256;5203046400
2026-08-23 14:35:30;mimiomia;4.0;2.3;0.8;96.7;81.1;4444798976;628011008;1689296896;1733726208;4553531392;72.8;13938528256;5203046400
2026-08-23 14:35:41;mimiomia;7.1;4.2;0.9;94.5;80.7;4418764800;651395072;1678573568;1733201920;4554055680;72.8;13938528256;5203046400
2026-08-23 14:35:52;mimiomia;4.5;4.8;1.0;94.0;81.3;4455755776;608804864;1699594240;1732939776;4554317824;72.8;13938528256;5203046400
2026-08-23 14:36:03;mimiomia;4.7;7.6;1.1;91.0;83.7;4599607296;459849728;1841184768;1731891200;4555366400;72.8;13938528256;5203046400
2026-08-23 14:36:14;mimiomia;6.4;7.3;1.3;91.1;83.7;4576587776;459198464;1855750144;1731891200;4555366400;72.8;13938528256;5203046400
2026-08-23 14:36:25;mimiomia;13.8;6.6;1.1;92.1;84.2;4610416640;430387200;1899577344;1731366912;4555890688;72.8;13938528256;5203046400
2026-08-23 14:36:36;mimiomia;6.8;11.7;1.6;86.5;89.4;4963614720;125902848;2591010816;1829933056;4457324544;72.8;13938528256;5203046400
2026-08-23 14:36:47;mimiomia;7.4;6.4;1.1;92.2;89.9;4994433024;190320640;2623262720;1856147456;4431110144;72.8;13938528256;5203046400
2026-08-23 14:36:58;mimiomia;25.7;6.7;1.4;91.6;81.4;4481658880;701599744;2098143232;1855098880;4432158720;72.8;13938528256;5203046400
2026-08-23 14:37:09;mimiomia;2.6;5.4;1.0;93.2;82.2;4526804992;642555904;2147557376;1854050304;4433207296;72.8;13938528256;5203046400
2026-08-23 14:37:20;mimiomia;2.5;2.2;0.7;96.8;80.6;4444450816;732311552;2058661888;1853788160;4433469440;72.8;13938528256;5203046400
2026-08-23 14:37:31;mimiomia;4.8;2.4;0.7;96.5;79.2;4367978496;815341568;1976045568;1853263872;4433993728;72.8;13938528256;5203046400
2026-08-23 14:37:42;mimiomia;14.4;14.3;1.5;84.0;82.7;4557783040;601677824;2187231232;1852477440;4434780160;72.8;13938528256;5203046400
2026-08-23 14:37:53;mimiomia;11.9;16.2;1.5;82.2;82.2;4523565056;629272576;2182389760;1852477440;4434780160;72.8;13938528256;5203046400
2026-08-23 14:38:04;mimiomia;7.9;6.9;1.1;91.8;80.2;4417368064;751362048;2055917568;1852215296;4435042304;72.8;13938528256;5203046400
2026-08-23 14:38:15;mimiomia;1.1;2.5;0.7;96.6;81.1;4450656256;675610624;2094092288;1849856000;4437401600;72.8;13938528256;5203046400
2026-08-23 14:38:26;mimiomia;2.7;1.8;0.6;97.5;80.1;4409958400;730218496;2060181504;1843826688;4443430912;72.8;13938528256;5203046400
2026-08-23 14:38:37;mimiomia;4.6;2.3;0.5;97.1;81.3;4478783488;659824640;2156261376;1838321664;4448935936;72.8;13938528256;5203046400
2026-08-23 14:38:48;mimiomia;2.1;2.6;0.8;96.4;81.3;4483076096;652455936;2178654208;1834643456;4452614144;72.8;13938528256;5203046400
2026-08-23 14:38:59;mimiomia;2.0;2.6;0.7;96.4;83.3;4606427136;529428480;2282283008;1830973440;4456284160;72.8;13938528256;5203046400
2026-08-23 14:39:10;mimiomia;11.3;6.0;1.7;91.6;87.1;4779814912;177078272;3244781568;1950248960;4337008640;72.8;13938528256;5203046400
2026-08-23 14:39:21;mimiomia;3.6;6.8;2.5;89.8;86.5;4867051520;413470720;1151741952;2156818432;4130439168;72.8;13938528256;5203046400
2026-08-23 14:39:32;mimiomia;3.0;2.5;0.7;96.6;84.3;4746993664;548294656;1106468864;2154196992;4133060608;72.8;13938528256;5203046400
2026-08-23 14:39:43;mimiomia;2.3;1.6;0.5;97.6;84.7;4775432192;520634368;1149980672;2152886272;4134371328;72.8;13938528256;5203046400
2026-08-23 14:39:54;mimiomia;2.1;1.5;0.6;97.6;84.5;4762345472;531189760;1147334656;2152886272;4134371328;72.8;13938528256;5203046400
2026-08-23 14:40:05;mimiomia;1.9;1.3;0.6;97.8;84.5;4760489984;532590592;1151852544;2152624128;4134633472;72.8;13938528256;5203046400
2026-08-23 14:40:16;mimiomia;2.3;1.3;0.6;97.8;84.6;4768903168;514854912;1173221376;2150789120;4136468480;72.8;13938528256;5203046400
2026-08-23 14:40:27;mimiomia;2.1;1.8;0.5;97.4;84.7;4773830656;508276736;1177993216;2148167680;4139089920;72.8;13938528256;5203046400
2026-08-23 14:40:38;mimiomia;2.2;1.3;0.5;97.8;84.5;4762865664;518660096;1185103872;2146856960;4140400640;72.8;13938528256;5203046400
2026-08-23 14:40:49;mimiomia;2.3;1.5;0.6;97.7;84.0;4740640768;548335616;1173454848;2143186944;4144070656;72.8;13938528256;5203046400
2026-08-23 14:41:00;mimiomia;2.4;1.5;0.6;97.5;83.6;4716269568;577683456;1213349888;2156032000;4131225600;72.8;13938528256;5203046400
2026-08-23 14:41:11;mimiomia;2.4;1.4;0.6;97.7;83.5;4714676224;579432448;1214357504;2155507712;4131749888;72.8;13938528256;5203046400
2026-08-23 14:41:22;mimiomia;2.9;1.5;0.6;97.6;83.9;4731133952;559521792;1225711616;2155245568;4132012032;72.8;13938528256;5203046400
2026-08-23 14:41:33;mimiomia;2.7;2.3;0.7;96.8;84.8;4784082944;502358016;1284861952;2150731776;4136525824;72.8;13938528256;5203046400
2026-08-23 14:41:44;mimiomia;2.4;3.4;0.7;95.6;86.1;4860903424;424349696;1354375168;2149945344;4137312256;72.8;13938528256;5203046400
2026-08-23 14:41:55;mimiomia;2.7;1.7;0.7;97.3;85.5;4832354304;456048640;1333886976;2148896768;4138360832;72.8;13938528256;5203046400
2026-08-23 14:42:06;mimiomia;2.3;2.1;0.7;96.8;84.8;4792872960;504610816;1357107200;2159644672;4127612928;72.8;13938528256;5203046400
2026-08-23 14:42:17;mimiomia;2.4;1.6;0.6;97.5;84.7;4789870592;507650048;1345863680;2159382528;4127875072;72.8;13938528256;5203046400
2026-08-23 14:42:28;mimiomia;3.0;1.6;0.8;97.3;85.2;4824498176;472453120;1379291136;2159120384;4128137216;72.8;13938528256;5203046400
2026-08-23 14:42:39;mimiomia;5.1;2.8;0.9;95.2;85.9;4847542272;454676480;1689026560;2204381184;4082876416;72.8;13938528256;5203046400
2026-08-23 14:42:50;mimiomia;8.2;4.5;1.1;94.1;87.7;4958126080;333193216;1809879040;2202566656;4084690944;72.9;13946916864;5194657792
2026-08-23 14:43:01;mimiomia;2.4;2.2;0.6;96.9;85.1;4788260864;494383104;1697718272;2202566656;4084690944;72.9;13946916864;5194657792
2026-08-23 14:43:12;mimiomia;2.2;1.6;0.6;97.5;85.0;4784656384;497479680;1709355008;2202566656;4084690944;72.9;13946916864;5194657792
2026-08-23 14:43:23;mimiomia;2.6;1.6;0.6;97.4;85.0;4781858816;500031488;1707466752;2202566656;4084690944;72.9;13946916864;5194657792
2026-08-23 14:43:34;mimiomia;2.7;1.7;0.6;97.4;85.1;4790480896;494272512;1710149632;2201518080;4085739520;72.9;13946916864;5194657792
2026-08-23 14:43:45;mimiomia;2.4;1.5;0.6;97.6;84.9;4779712512;504795136;1704169472;2201518080;4085739520;72.9;13946916864;5194657792
2026-08-23 14:43:56;mimiomia;2.4;1.7;0.5;97.5;85.1;4794273792;490012672;1710800896;2201518080;4085739520;72.9;13946916864;5194657792
2026-08-23 14:44:07;mimiomia;2.3;1.7;0.6;97.4;84.9;4778688512;505462784;1692389376;2201518080;4085739520;72.9;13946916864;5194657792
2026-08-23 14:44:18;mimiomia;3.6;2.0;0.6;97.0;83.9;4737642496;562798592;1694490624;2215149568;4072108032;72.9;13946916864;5194657792
2026-08-23 14:44:29;mimiomia;3.3;2.9;1.0;95.5;88.7;5007507456;252891136;1993121792;2210283520;4076974080;72.9;13946916864;5194657792
2026-08-23 14:44:40;mimiomia;2.4;1.9;0.7;97.0;88.3;4982067200;276959232;1996386304;2207891456;4079366144;72.9;13946916864;5194657792
2026-08-23 14:44:51;mimiomia;3.4;1.9;0.6;97.2;85.3;4808163328;459964416;1836494848;2132013056;4155244544;72.9;13946916864;5194657792
2026-08-23 14:45:02;mimiomia;2.2;1.4;0.5;97.7;85.0;4793856000;472674304;1825992704;2131750912;4155506688;72.9;13946916864;5194657792
2026-08-23 14:45:13;mimiomia;2.4;1.4;0.6;97.8;85.1;4797128704;463097856;1829146624;2131750912;4155506688;72.9;13946916864;5194657792
2026-08-23 14:45:24;mimiomia;4.1;2.2;0.7;96.8;83.9;4734377984;620261376;1901178880;2133786624;4153470976;72.9;13946916864;5194657792
2026-08-23 14:45:35;mimiomia;2.8;2.6;1.0;96.0;84.8;4778242048;674058240;2577145856;2144473088;4142784512;72.9;13946916864;5194657792
2026-08-23 14:45:46;mimiomia;2.2;2.2;0.8;96.6;85.8;4833812480;607522816;2631954432;2128158720;4159098880;72.9;13946916864;5194657792
2026-08-23 14:45:57;mimiomia;4.5;2.2;0.8;96.8;85.1;4799385600;643448832;2600697856;2128158720;4159098880;72.9;13946916864;5194657792
2026-08-23 14:46:08;mimiomia;3.0;2.4;0.9;96.5;85.2;4799594496;641458176;2606788608;2127896576;4159361024;72.9;13946916864;5194657792
2026-08-23 14:46:19;mimiomia;4.0;3.0;0.8;96.0;85.4;4810379264;628936704;2615521280;2127634432;4159623168;72.9;13946916864;5194657792
2026-08-23 14:46:30;mimiomia;2.9;2.2;0.7;96.8;85.6;4833927168;612478976;2631282688;2127634432;4159623168;72.9;13946916864;5194657792
2026-08-23 14:46:41;mimiomia;3.5;2.9;0.7;96.2;85.2;4812644352;635633664;2627244032;2127634432;4159623168;72.9;13946916864;5194657792
2026-08-23 14:46:52;mimiomia;3.4;2.0;0.7;97.1;85.2;4813672448;636583936;2621730816;2127634432;4159623168;72.9;13946916864;5194657792
2026-08-23 14:47:03;mimiomia;2.7;2.7;0.8;96.2;85.3;4814913536;635162624;2631241728;2127634432;4159623168;72.9;13946916864;5194657792
2026-08-23 14:47:14;mimiomia;2.6;3.7;1.0;95.1;85.4;4823269376;603041792;2646310912;2127110144;4160147456;72.9;13946916864;5194657792
2026-08-23 14:47:25;mimiomia;10.8;4.3;1.0;94.3;86.9;4889231360;501567488;2739351552;2124226560;4163031040;72.9;13946916864;5194657792
2026-08-23 14:47:36;mimiomia;5.4;4.7;1.4;93.5;92.4;5227323392;154845184;2979962880;2098761728;4188495872;72.9;13946916864;5194657792
2026-08-23 14:47:47;mimiomia;2.1;1.8;0.7;97.2;91.5;5159354368;208084992;2991333376;2098425856;4188831744;72.9;13946916864;5194657792
2026-08-23 14:47:58;mimiomia;3.7;1.9;0.7;97.2;90.8;5115777024;241221632;2968653824;2098028544;4189229056;72.9;13946916864;5194657792
2026-08-23 14:48:09;mimiomia;6.8;6.3;2.0;87.1;93.1;5191852032;181932032;957931520;2249875456;4037382144;72.9;13946916864;5194657792
2026-08-23 14:48:20;mimiomia;3.7;4.4;1.0;94.4;92.3;5226106880;209858560;1322332160;2316738560;3970519040;72.9;13946916864;5194657792
2026-08-23 14:48:31;mimiomia;2.1;2.0;0.6;97.1;92.5;5252263936;202977280;1344827392;2309136384;3978121216;72.9;13946916864;5194657792
